Age,DailyRate,EmployeeNumber,HourlyRate,JobLevel,MonthlyIncome,MonthlyRate,NumCompaniesWorked,PercentSalaryHike,PerformanceRating,TotalWorkingYears,TrainingTimesLastYear,WorkLifeBalance,YearsAtCompany,YearsInCurrentRole,YearsSinceLastPromotion,YearsWithCurrManager,Performance
41,1102,1,94,2,5993,19479,8,11,3,8,0,1,6,4,0,5,high
49,279,2,61,2,5130,24907,1,23,4,10,3,3,10,7,1,7,Low
37,1373,4,92,1,2090,2396,6,15,3,7,3,3,0,0,0,0,high
33,1392,5,56,1,2909,23159,1,11,3,8,3,3,8,7,3,0,Low
27,591,7,40,1,3468,16632,9,12,3,6,3,3,2,2,2,2,Low
32,1005,8,79,1,3068,11864,0,13,3,8,2,2,7,7,3,6,Low
59,1324,10,81,1,2670,9964,4,20,4,12,3,2,1,0,0,0,Low
30,1358,11,67,1,2693,13335,1,22,4,1,2,3,1,0,0,0,Low
38,216,12,44,3,9526,8787,0,21,4,10,2,3,9,7,1,8,Low
36,1299,13,94,2,5237,16577,6,13,3,17,3,2,7,7,7,7,Low
35,809,14,84,1,2426,16479,0,13,3,6,5,3,5,4,0,3,Low
29,153,15,49,2,4193,12682,0,12,3,10,3,3,9,5,0,8,Low
31,670,16,31,1,2911,15170,1,17,3,5,1,2,5,2,4,3,Low
34,1346,18,93,1,2661,8758,0,11,3,3,2,3,2,2,1,2,Low
28,103,19,50,1,2028,12947,5,14,3,6,4,3,4,2,0,3,high
29,1389,20,51,3,9980,10195,1,11,3,10,1,3,10,9,8,8,Low
32,334,21,80,1,3298,15053,0,12,3,7,5,2,6,2,0,5,Low
22,1123,22,96,1,2935,7324,1,13,3,1,2,2,1,0,0,0,Low
53,1219,23,78,4,15427,22021,2,16,3,31,3,3,25,8,3,7,Low
38,371,24,45,1,3944,4306,5,11,3,6,3,3,3,2,1,2,Low
24,673,26,96,2,4011,8232,0,18,3,5,5,2,4,2,1,3,Low
36,1218,27,82,1,3407,6986,7,23,4,10,4,3,5,3,0,3,high
34,419,28,53,3,11994,21293,0,11,3,13,4,3,12,6,2,11,Low
21,391,30,96,1,1232,19281,1,14,3,0,6,3,0,0,0,0,Low
34,699,31,83,1,2960,17102,2,11,3,8,2,3,4,2,1,3,high
53,1282,32,58,5,19094,10735,4,11,3,26,3,2,14,13,4,8,Low
32,1125,33,72,1,3919,4681,1,22,4,10,5,3,10,2,6,7,high
42,691,35,48,2,6825,21173,0,11,3,10,2,3,9,7,4,2,Low
44,477,36,42,3,10248,2094,3,14,3,24,4,3,22,6,5,17,Low
46,705,38,83,5,18947,22822,3,12,3,22,2,2,2,2,2,1,Low
33,924,39,78,1,2496,6670,4,11,3,7,3,3,1,1,0,0,Low
44,1459,40,41,2,6465,19121,2,13,3,9,5,4,4,2,1,3,Low
30,125,41,83,1,2206,16117,1,13,3,10,5,3,10,0,1,8,Low
39,895,42,56,2,2086,3335,3,14,3,19,6,4,1,0,0,0,high
24,813,45,61,1,2293,3020,2,16,3,6,2,2,2,0,2,0,high
43,1273,46,72,1,2645,21923,1,12,3,6,3,2,5,3,1,4,Low
50,869,47,86,1,2683,3810,1,14,3,3,2,3,3,2,0,2,high
35,890,49,97,1,2014,9687,1,13,3,2,3,3,2,2,2,2,Low
36,852,51,82,1,3419,13072,9,14,3,6,3,4,1,1,0,0,Low
33,1141,52,42,2,5376,3193,2,19,3,10,3,3,5,3,1,3,Low
35,464,53,75,1,1951,10910,1,12,3,1,3,3,1,0,0,0,Low
27,1240,54,33,1,2341,19715,1,13,3,1,6,3,1,0,0,0,Low
26,1357,55,48,1,2293,10558,1,12,3,1,2,2,1,0,0,1,high
27,994,56,37,3,8726,2975,1,15,3,9,0,3,9,8,1,7,Low
30,721,57,58,2,4011,10781,1,23,4,12,2,3,12,8,3,7,Low
41,1360,58,49,5,19545,16280,1,12,3,23,0,3,22,15,15,8,high
34,1065,60,72,2,4568,10034,0,20,4,10,2,3,9,5,8,7,Low
37,408,61,73,1,3022,10227,4,21,4,8,1,3,1,0,0,0,Low
46,1211,62,98,2,5772,20445,4,21,4,14,4,3,9,6,0,8,Low
35,1229,63,36,1,2269,4892,1,19,3,1,2,3,1,0,0,1,Low
48,626,64,98,3,5381,19294,9,13,3,23,2,3,1,0,0,0,high
28,1434,65,50,1,3441,11179,1,13,3,2,3,2,2,2,2,2,high
44,1488,68,75,2,5454,4009,5,21,4,9,2,2,4,3,1,3,Low
35,1097,70,79,3,9884,8302,2,13,3,10,3,3,4,0,2,3,Low
26,1443,72,47,2,4157,21436,7,19,3,5,2,2,2,2,0,0,Low
33,515,73,98,3,13458,15146,1,12,3,15,1,3,15,14,8,12,Low
35,853,74,71,3,9069,11031,1,22,4,9,3,2,9,8,1,8,Low
35,1142,75,30,1,4014,16002,3,15,3,4,3,3,2,2,2,2,Low
31,655,76,48,2,5915,9528,3,22,4,10,3,2,7,7,1,7,Low
37,1115,77,51,2,5993,2689,1,18,3,7,2,4,7,5,0,7,Low
32,427,78,33,2,6162,10877,1,22,4,9,3,3,9,8,7,8,Low
38,653,79,50,2,2406,5456,1,11,3,10,2,3,10,3,9,9,Low
50,989,80,43,5,18740,16701,5,12,3,29,2,2,27,3,13,8,Low
59,1435,81,99,3,7637,2354,7,11,3,28,3,2,21,16,7,9,Low
36,1223,83,59,3,10096,8202,1,13,3,17,2,3,17,14,12,8,Low
55,836,84,33,4,14756,19730,2,14,3,21,2,3,5,0,0,2,Low
36,1195,85,95,2,6499,22656,1,13,3,6,3,3,6,5,0,3,Low
45,1339,86,59,3,9724,18787,2,17,3,25,2,3,1,0,0,0,Low
35,664,88,79,1,2194,5868,4,13,3,5,2,2,3,2,1,2,Low
36,318,90,79,1,3388,21777,0,17,3,2,0,2,1,0,0,0,high
59,1225,91,57,2,5473,24668,7,11,3,20,2,2,4,3,1,3,Low
29,1328,94,76,1,2703,4956,0,23,4,6,3,3,5,4,0,4,Low
31,1082,95,87,1,2501,18775,1,17,3,1,4,3,1,1,1,0,Low
32,548,96,66,2,6220,7346,1,17,3,10,3,3,10,4,0,9,Low
36,132,97,55,1,3038,22002,3,12,3,5,3,3,1,0,0,0,Low
31,746,98,61,2,4424,20682,1,23,4,11,2,3,11,7,1,8,Low
35,776,100,32,2,4312,23016,0,14,3,16,2,3,15,13,2,8,Low
45,193,101,52,3,13245,15067,4,14,3,17,3,4,0,0,0,0,Low
37,397,102,30,3,13664,25258,4,13,3,16,3,4,5,2,0,2,Low
46,945,103,80,2,5021,10425,8,22,4,16,2,3,4,2,0,2,Low
30,852,104,55,2,5126,15998,1,12,3,10,1,2,10,8,3,0,Low
35,1214,105,30,1,2859,26278,1,18,3,6,3,3,6,4,0,4,Low
55,111,106,70,3,10239,18092,3,14,3,24,4,3,1,0,1,0,Low
38,573,107,79,2,5329,15717,7,12,3,17,3,3,13,11,1,9,Low
34,1153,110,94,2,4325,17736,1,15,3,5,2,3,5,2,1,3,Low
56,1400,112,49,3,7260,21698,4,11,3,37,3,2,6,4,0,2,Low
23,541,113,62,1,2322,9518,3,13,3,3,3,3,0,0,0,0,Low
51,432,116,96,1,2075,18725,3,23,4,10,4,3,4,2,0,3,Low
30,288,117,99,2,4152,15830,1,19,3,11,3,3,11,10,10,8,Low
46,669,118,64,3,9619,13596,1,16,3,9,3,3,9,8,4,7,high
40,530,119,78,4,13503,14115,1,22,4,22,3,2,22,3,11,11,Low
51,632,120,71,2,5441,8423,0,22,4,11,2,1,10,7,1,0,Low
30,1334,121,63,2,5209,19760,1,12,3,11,4,2,11,8,2,7,Low
46,638,124,40,3,10673,3142,2,13,3,21,5,2,10,9,9,5,Low
32,1093,125,87,2,5010,24301,1,16,3,12,0,3,11,8,5,7,Low
54,1217,126,60,3,13549,24001,9,12,3,16,5,1,4,3,0,3,Low
24,1353,128,33,2,4999,17519,0,21,4,4,2,2,3,2,0,2,Low
28,120,129,43,2,4221,8863,1,15,3,5,3,4,5,4,0,4,Low
58,682,131,37,4,13872,24409,0,13,3,38,1,2,37,10,1,8,Low
44,489,132,67,2,2042,25043,4,12,3,17,3,4,3,2,1,2,Low
37,807,133,63,1,2073,23648,4,22,4,7,3,3,3,2,0,2,high
32,827,134,71,1,2956,15178,1,13,3,1,2,3,1,0,0,0,Low
20,871,137,66,1,2926,19783,1,18,3,1,5,3,1,0,1,0,high
34,665,138,41,2,4809,12482,1,14,3,16,3,3,16,13,2,10,Low
37,1040,139,100,2,5163,15850,5,14,3,17,2,4,1,0,0,0,Low
59,1420,140,32,5,18844,21922,9,21,4,30,3,3,3,2,2,2,Low
50,1115,141,73,5,18172,9755,3,19,3,28,1,2,8,3,0,7,Low
25,240,142,46,2,5744,26959,1,11,3,6,1,3,6,4,0,3,high
25,1280,143,64,1,2889,26897,1,11,3,2,2,3,2,2,2,1,Low
22,534,144,59,1,2871,23785,1,15,3,1,5,3,0,0,0,0,Low
51,1456,145,30,3,7484,25796,3,20,4,23,1,2,13,12,12,8,Low
34,658,147,66,2,6074,22887,1,24,4,9,3,3,9,7,0,6,high
54,142,148,30,4,17328,13871,2,12,3,23,3,3,5,3,4,4,Low
24,1127,150,52,1,2774,13257,0,12,3,6,2,3,5,3,1,2,Low
34,1031,151,45,2,4505,15000,6,15,3,12,3,3,1,0,0,0,Low
37,1189,152,87,3,7428,14506,2,12,3,12,3,3,5,3,1,3,Low
34,1354,153,45,3,11631,5615,2,12,3,14,6,3,11,10,5,8,Low
36,1467,154,92,3,9738,22952,0,14,3,10,6,3,9,7,2,8,Low
36,922,155,39,1,2835,2561,5,22,4,7,2,3,1,0,0,0,Low
43,394,158,92,4,16959,19494,1,12,3,25,3,4,25,12,4,12,Low
30,1312,159,96,1,2613,22310,1,25,4,10,2,2,10,7,0,9,Low
33,750,160,95,2,6146,15480,0,13,3,8,2,4,7,7,0,7,Low
56,441,161,72,1,4963,4510,9,18,3,7,2,3,5,4,4,3,high
51,684,162,51,5,19537,6462,7,13,3,23,5,3,20,18,15,15,Low
31,249,163,76,2,6172,20739,4,18,3,12,3,2,7,7,7,7,high
26,841,164,46,1,2368,23300,1,19,3,5,3,2,5,4,4,3,Low
58,147,165,94,3,10312,3465,1,12,3,40,3,2,40,10,15,6,high
19,528,167,50,1,1675,26820,1,19,3,0,2,2,0,0,0,0,high
22,594,169,100,1,2523,19299,0,14,3,3,2,3,2,1,2,1,Low
49,470,170,96,2,6567,5549,1,14,3,16,2,2,15,11,5,11,Low
43,957,171,72,1,4739,16090,4,12,3,18,2,3,3,2,1,2,Low
50,809,174,77,3,9208,6645,4,11,3,16,3,3,2,2,2,1,Low
31,542,175,71,2,4559,24788,3,11,3,4,2,3,2,2,2,2,high
41,802,176,96,3,8189,21196,3,13,3,12,2,3,9,7,0,7,Low
26,1355,177,61,1,2942,8916,1,23,4,8,3,3,8,7,5,7,Low
36,216,178,84,2,4941,2819,6,20,4,7,0,3,3,2,0,1,Low
51,1150,179,53,3,10650,25150,2,15,3,18,2,3,4,2,0,3,high
39,1329,182,47,2,5902,14590,4,14,3,17,1,4,15,11,5,9,Low
25,959,183,41,2,8639,24835,2,18,3,6,3,3,2,2,2,2,Low
30,1240,184,48,2,6347,13982,0,19,3,12,2,1,11,9,4,7,Low
32,1033,190,41,1,4200,10224,7,22,4,10,2,4,5,4,0,4,high
45,1316,192,83,1,3452,9752,5,13,3,9,2,2,6,5,0,3,Low
38,364,193,32,2,4317,2302,3,20,4,19,2,3,3,2,2,2,Low
30,438,194,75,1,2632,23910,1,14,3,5,4,2,5,4,0,4,Low
32,689,195,35,2,4668,22812,0,17,3,9,2,4,8,7,0,7,Low
30,201,197,84,1,3204,10415,5,14,3,8,3,3,3,2,2,2,Low
30,1427,198,35,1,2720,11162,0,13,3,6,3,3,5,3,1,2,Low
41,857,199,91,4,17181,12888,4,13,3,21,2,2,7,6,7,7,Low
41,933,200,94,1,2238,6961,2,21,4,7,2,3,5,0,1,4,Low
19,1181,201,79,1,1483,16102,1,14,3,1,3,3,1,0,0,0,Low
40,1395,202,54,2,5605,8504,1,11,3,20,2,3,20,7,2,13,Low
35,662,204,94,3,7295,11439,1,13,3,10,3,3,10,8,0,6,Low
53,1436,205,34,2,2306,16047,2,20,4,13,3,1,7,7,4,5,Low
45,194,206,60,2,2348,10901,8,18,3,20,2,1,17,9,0,15,Low
32,967,207,43,3,8998,15589,1,14,3,9,2,3,9,8,3,7,Low
29,1496,208,41,2,4319,26283,1,13,3,10,1,3,10,7,0,9,Low
51,1169,211,34,2,6132,13983,2,17,3,10,2,3,1,0,0,0,Low
58,1145,214,75,1,3346,11873,4,20,4,9,3,2,1,0,0,0,Low
40,630,215,67,3,10855,8552,7,11,3,15,2,2,12,11,2,11,Low
34,303,216,75,1,2231,11314,6,18,3,6,3,3,4,3,1,2,Low
22,1256,217,80,1,2323,11992,1,24,4,2,6,3,2,2,2,2,Low
27,691,218,57,1,2024,5970,6,18,3,6,1,1,2,2,2,2,Low
28,440,221,42,1,2713,6672,1,11,3,5,2,1,5,2,0,2,Low
57,334,223,83,3,9439,23402,3,16,3,12,2,1,5,3,1,4,Low
27,1450,224,79,1,2566,25326,1,15,3,1,2,2,1,1,0,1,Low
50,1452,226,53,5,19926,17053,3,15,3,21,5,3,5,4,4,4,Low
41,465,227,56,1,2451,4609,4,12,3,13,2,3,9,8,1,8,Low
30,1339,228,41,3,9419,8053,2,12,3,12,2,3,10,9,7,4,Low
38,702,230,59,2,8686,12930,4,22,4,12,2,4,8,3,0,7,Low
32,120,231,43,1,3038,12430,3,20,4,8,2,3,5,4,1,4,Low
27,1157,233,51,1,3058,13364,0,16,3,6,3,2,5,2,1,1,Low
19,602,235,100,1,2325,20989,0,21,4,1,5,4,0,0,0,0,high
36,1480,238,30,1,2088,15062,4,12,3,13,3,2,8,7,7,2,Low
30,111,239,66,2,3072,11012,1,11,3,12,4,3,12,9,6,10,Low
45,1268,240,30,2,5006,6319,4,11,3,9,3,4,5,4,0,3,Low
56,713,241,67,1,4257,13939,4,18,3,19,3,3,2,2,2,2,Low
33,134,242,90,1,2500,10515,0,14,3,4,2,4,3,1,0,2,Low
19,303,243,47,1,1102,9241,1,22,4,1,3,2,1,0,1,0,high
46,526,244,92,3,10453,2137,1,25,4,24,2,3,24,13,15,7,Low
38,1380,245,75,1,2288,6319,1,12,3,2,3,3,2,2,2,1,Low
31,140,246,95,1,3929,6984,8,23,4,7,0,3,4,2,0,2,Low
34,629,247,95,1,2311,5711,2,15,3,9,3,3,3,2,1,2,Low
41,1356,248,70,1,3140,21728,1,22,4,4,5,2,4,3,0,2,high
50,328,249,86,1,3690,3425,2,15,3,5,2,2,3,2,0,2,Low
53,1084,250,57,2,4450,26250,1,11,3,5,3,3,4,2,1,3,Low
33,931,252,72,1,2756,4673,1,13,3,8,5,3,8,7,1,6,Low
40,989,253,46,5,19033,6499,1,14,3,21,2,3,20,8,9,9,Low
55,692,254,61,5,18722,13339,8,11,3,36,3,3,24,15,2,15,Low
34,1069,256,45,2,9547,14074,1,17,3,10,2,2,10,9,1,9,Low
51,313,258,98,4,13734,7192,3,18,3,21,6,3,7,7,1,0,Low
52,699,259,65,5,19999,5678,0,14,3,34,5,3,33,18,11,9,Low
27,894,260,99,1,2279,11781,1,16,3,7,2,2,7,7,0,3,Low
35,556,261,50,2,5916,15497,3,13,3,8,1,3,1,0,0,1,high
43,1344,262,37,1,2089,5228,4,14,3,7,3,4,5,4,2,2,Low
45,1195,264,65,4,16792,20462,9,23,4,22,1,3,20,8,11,8,Low
37,290,267,65,1,3564,22977,1,12,3,8,3,2,8,7,1,7,Low
35,138,269,37,2,4425,15986,5,11,3,10,5,3,6,2,1,2,Low
42,926,270,36,2,5265,16439,2,16,3,11,5,3,5,3,0,2,Low
38,1261,271,88,2,6553,7259,9,14,3,14,3,3,1,0,0,0,Low
38,1084,273,54,2,6261,4185,3,18,3,9,3,1,7,7,1,7,Low
27,472,274,60,2,4298,9679,5,19,3,6,1,3,2,2,2,0,Low
49,1002,275,92,2,6804,23793,1,15,3,7,0,3,7,7,1,7,Low
34,878,277,43,1,3815,5972,1,17,3,5,4,4,5,3,2,0,Low
40,905,281,99,2,2741,16523,8,15,3,15,2,4,7,2,3,7,Low
38,1180,282,70,2,6673,11354,7,19,3,17,2,3,1,0,0,0,high
29,121,283,35,3,7639,24525,1,22,4,10,3,2,10,4,1,9,high
22,1136,284,60,1,2328,12392,1,16,3,4,2,2,4,2,2,2,Low
36,635,286,73,1,2153,7703,1,13,3,8,2,3,8,1,1,7,Low
40,1151,287,63,2,4876,14242,9,14,3,5,5,1,3,2,0,2,Low
46,644,288,97,3,9396,12368,7,16,3,17,3,3,4,2,0,3,Low
32,1045,291,32,3,10400,25812,1,11,3,14,2,2,14,8,9,8,high
30,829,292,88,3,8474,20925,1,22,4,12,2,3,11,8,5,8,Low
27,1242,293,90,2,9981,12916,1,14,3,7,2,3,7,7,0,7,Low
51,1469,296,81,3,12490,15736,5,16,3,16,5,1,10,9,4,7,Low
30,1005,297,88,1,2657,8556,5,11,3,8,5,3,5,2,0,4,high
41,896,298,75,3,13591,14674,3,18,3,16,3,3,1,0,0,0,Low
30,334,299,52,2,6696,22967,5,15,3,9,5,2,6,3,0,1,high
29,992,300,85,1,2058,19757,0,14,3,7,1,2,6,2,1,5,high
45,1052,302,57,3,8865,16840,6,12,3,23,2,3,19,7,12,8,Low
54,1147,303,52,2,5940,17011,2,14,3,16,4,3,6,2,0,5,Low
36,1396,304,62,2,5914,9945,8,16,3,16,3,4,13,11,3,7,Low
33,147,305,47,1,2622,13248,6,21,4,7,3,3,3,2,1,1,Low
37,663,306,47,3,12185,10056,1,14,3,10,1,3,10,8,0,7,Low
38,119,307,76,3,10609,9647,0,12,3,17,6,2,16,10,5,13,Low
31,979,308,90,2,4345,4381,0,12,3,6,2,3,5,4,1,4,Low
59,142,309,70,1,2177,8456,3,17,3,7,6,3,1,0,0,0,Low
37,319,311,41,1,2793,2539,4,17,3,13,2,3,9,8,5,8,Low
29,1413,312,42,3,7918,6599,1,14,3,11,5,3,11,10,4,1,Low
35,944,314,92,3,8789,9096,1,14,3,10,3,4,10,7,0,8,Low
29,896,315,86,1,2389,14961,1,13,3,4,3,2,4,3,0,1,high
52,1323,316,89,1,3212,3300,7,15,3,6,3,2,2,2,2,2,Low
42,532,319,58,5,19232,4933,1,11,3,22,3,3,22,17,11,15,Low
59,818,321,52,1,2267,25657,8,17,3,7,2,2,2,2,2,2,Low
50,854,323,68,5,19517,24118,3,11,3,32,3,2,7,0,0,6,Low
33,813,325,58,1,2436,22149,5,13,3,8,2,1,5,4,0,4,high
43,1034,327,80,4,16064,7744,5,22,4,22,3,3,17,13,1,9,Low
33,465,328,39,1,2707,21509,7,20,4,13,3,4,9,7,1,7,high
52,771,329,79,5,19068,21030,1,18,3,33,2,4,33,7,15,12,Low
32,1401,330,56,1,3931,20990,2,11,3,6,5,3,4,3,1,2,Low
32,515,331,62,1,3730,9571,0,14,3,4,2,1,3,2,1,2,high
39,1431,332,96,1,2232,15417,7,14,3,7,1,3,3,2,1,2,Low
32,976,333,100,2,4465,12069,0,18,3,4,2,3,3,2,2,2,Low
41,1411,334,36,2,3072,19877,2,16,3,17,2,2,1,0,0,0,Low
40,1300,335,62,2,3319,24447,1,17,3,9,3,3,9,8,4,7,Low
45,252,336,70,5,19202,15970,0,11,3,25,2,3,24,0,1,7,Low
31,1327,337,73,3,13675,13523,9,12,3,9,3,3,2,2,2,2,Low
33,832,338,63,1,2911,14776,1,13,3,2,2,2,2,2,0,2,Low
34,470,339,84,2,5957,23687,6,13,3,13,3,3,11,9,5,9,Low
37,1017,340,83,1,3920,18697,2,14,3,17,2,2,3,1,0,2,Low
45,1199,341,77,2,6434,5118,4,17,3,9,1,3,3,2,0,2,Low
37,504,342,61,3,10048,22573,6,11,3,17,5,3,1,0,0,0,high
39,505,343,64,3,10938,6420,0,25,4,20,1,3,19,6,11,8,Low
29,665,346,60,1,2340,22673,1,19,3,6,1,3,6,5,1,5,Low
42,916,347,82,2,6545,23016,3,13,3,10,1,3,3,2,0,2,Low
29,1247,349,45,2,6931,10732,2,14,3,10,2,3,3,2,0,2,Low
25,685,350,62,2,4898,7505,0,12,3,5,3,3,4,2,1,2,Low
42,269,351,56,1,2593,8007,0,11,3,10,4,3,9,6,7,8,Low
40,1416,352,49,5,19436,5949,0,19,3,22,5,3,21,7,3,9,Low
51,833,353,96,1,2723,23231,1,11,3,1,0,2,1,0,0,0,Low
31,307,355,71,1,3479,11652,0,11,3,6,2,4,5,4,1,4,high
32,1311,359,100,1,2794,26062,1,20,4,5,3,1,5,1,0,3,Low
38,1327,361,39,2,5249,19682,3,18,3,13,0,3,8,7,7,5,Low
32,128,362,84,2,2176,19737,4,13,3,9,5,3,6,2,0,4,Low
46,488,363,75,4,16872,14977,3,12,3,28,2,2,7,7,7,7,Low
28,529,364,79,1,3485,14935,2,11,3,5,5,1,0,0,0,0,high
29,1210,366,78,2,6644,3687,2,19,3,10,2,3,0,0,0,0,Low
31,1463,367,64,2,5582,14408,0,21,4,10,2,3,9,0,7,8,Low
25,675,369,85,2,4000,18384,1,12,3,6,2,3,6,3,1,5,Low
45,1385,372,79,4,13496,7501,0,14,3,21,2,3,20,7,4,10,Low
36,1403,373,47,1,3210,20251,0,11,3,16,4,3,15,13,10,11,Low
55,452,374,81,5,19045,18938,0,14,3,37,2,3,36,10,4,13,Low
47,666,376,88,3,11849,10268,1,12,3,10,2,2,10,7,9,9,high
28,1158,377,94,1,2070,2613,1,23,4,5,3,2,5,2,0,4,Low
37,228,378,98,2,6502,22825,4,14,3,7,5,4,5,4,0,1,Low
21,996,379,100,1,3230,10531,1,17,3,3,4,4,3,2,1,0,Low
37,728,380,80,3,13603,11677,2,18,3,15,2,3,5,2,0,2,Low
35,1315,381,71,3,11996,19100,7,18,3,10,6,2,7,7,6,2,Low
38,322,382,44,2,5605,19191,1,24,4,8,3,3,8,0,7,7,Low
26,1479,384,84,2,6397,26767,1,20,4,6,6,1,6,5,1,4,Low
50,797,385,96,5,19144,15815,3,14,3,28,4,2,10,4,1,6,Low
53,1070,386,45,4,17584,21016,3,16,3,21,5,2,5,3,1,3,Low
42,635,387,99,2,4907,24532,1,25,4,20,3,3,20,16,11,6,Low
29,442,388,44,2,4554,20260,1,18,3,10,3,2,10,7,0,9,Low
55,147,389,37,2,5415,15972,3,19,3,12,4,3,10,7,0,8,Low
26,496,390,60,2,4741,22722,1,13,3,5,3,3,5,3,3,3,Low
37,1372,391,42,1,2115,15881,1,12,3,17,3,3,17,12,5,7,Low
44,920,392,43,1,3161,19920,3,22,4,19,0,1,1,0,0,0,high
38,688,393,82,2,5745,18899,9,14,3,10,2,3,2,2,1,2,Low
26,1449,394,45,1,2373,14180,2,13,3,5,2,3,3,2,0,2,high
28,1117,395,66,1,3310,4488,1,21,4,5,3,3,5,3,0,2,Low
49,636,396,35,5,18665,25594,9,11,3,22,4,3,3,2,1,2,Low
36,506,397,30,2,4485,26285,4,12,3,10,2,3,8,0,7,7,Low
31,444,399,84,1,2789,3909,1,11,3,2,5,2,2,2,2,2,Low
26,950,401,48,2,5828,8450,1,12,3,8,0,3,8,7,7,4,high
37,889,403,53,1,2326,11411,1,12,3,4,3,2,4,2,1,2,Low
42,555,404,77,4,13525,14864,5,14,3,23,2,4,20,4,4,8,Low
18,230,405,54,1,1420,25233,1,13,3,0,2,3,0,0,0,0,high
35,1232,406,96,3,8020,5100,0,15,3,12,3,2,11,9,6,9,Low
36,566,407,81,1,3688,7122,4,18,3,4,2,3,1,0,0,0,Low
51,1302,408,84,2,5482,16321,5,18,3,13,3,3,4,1,1,2,Low
41,334,410,88,4,16015,15896,1,19,3,22,2,3,22,10,0,4,Low
18,812,411,69,1,1200,9724,1,12,3,0,2,3,0,0,0,0,Low
28,1476,412,68,2,5661,4824,0,19,3,9,2,3,8,3,0,7,Low
31,218,416,100,2,6929,12241,4,11,3,10,3,2,8,7,7,7,Low
39,1132,417,48,3,9613,10942,0,17,3,19,5,2,18,10,3,7,Low
36,1105,419,47,2,5674,6927,7,15,3,11,3,3,9,8,0,8,Low
32,906,420,91,2,5484,16985,1,14,3,13,3,2,13,8,4,8,Low
38,849,421,81,3,12061,26707,3,17,3,19,2,3,10,8,0,1,Low
58,390,422,32,2,5660,17056,2,13,3,12,2,3,5,3,1,2,Low
31,691,423,86,1,4821,10077,0,12,3,6,4,3,5,2,0,3,Low
31,106,424,62,2,6410,17822,3,12,3,9,1,3,2,2,1,0,Low
45,1249,425,97,3,5210,20308,1,18,3,24,2,3,24,9,9,11,Low
31,192,426,32,1,2695,7747,0,18,3,3,2,1,2,2,2,2,Low
33,553,428,74,3,11878,23364,6,11,3,12,2,3,10,6,8,8,Low
39,117,429,99,4,17068,5355,1,14,3,21,3,3,21,9,11,10,Low
43,185,430,33,1,2455,10675,0,19,3,9,5,3,8,7,1,7,Low
49,1091,431,90,4,13964,17810,7,12,3,25,2,3,7,1,0,7,Low
52,723,433,85,2,4941,17747,2,15,3,11,3,2,8,2,7,7,high
27,1220,434,85,1,2478,20938,1,12,3,4,2,2,4,3,1,2,Low
32,588,436,65,2,5228,24624,1,11,3,13,2,3,13,12,11,9,Low
27,1377,437,74,2,4478,5242,1,11,3,5,3,3,5,4,0,4,Low
31,691,438,73,2,7547,7143,4,12,3,13,3,3,7,7,1,7,Low
32,1018,439,74,2,5055,10557,7,16,3,10,0,2,7,7,0,7,Low
28,1157,440,84,1,3464,24737,5,13,3,5,4,2,3,2,2,2,high
30,1275,441,64,2,5775,11934,1,13,3,11,2,3,10,8,1,9,Low
31,798,442,48,3,8943,14034,1,24,4,10,2,3,10,9,8,9,Low
39,672,444,54,5,19272,21141,1,15,3,21,2,3,21,9,13,3,Low
39,1162,445,41,2,5238,17778,4,18,3,12,3,2,1,0,0,0,high
33,508,446,46,2,4682,4317,3,14,3,9,6,2,7,7,0,1,Low
47,1482,447,42,5,18300,16375,4,11,3,21,2,3,3,2,1,1,Low
43,559,448,82,2,5257,6227,1,11,3,9,3,4,9,7,0,0,Low
27,210,449,73,2,6349,22107,0,13,3,6,0,3,5,4,1,4,Low
54,928,450,31,2,4869,16885,3,12,3,20,4,2,4,3,0,3,Low
43,1001,451,43,3,9985,9262,8,16,3,10,1,2,1,0,0,0,Low
45,549,452,75,2,3697,9278,9,14,3,12,3,3,10,9,9,8,Low
40,1124,453,57,2,7457,13273,2,22,4,6,2,2,4,3,0,2,Low
29,318,454,77,1,2119,4759,1,11,3,7,4,2,7,7,0,7,high
29,738,455,30,1,3983,7621,0,17,3,4,2,3,3,2,2,2,Low
30,570,456,30,2,6118,5431,1,13,3,10,2,3,10,9,1,2,Low
27,1130,458,56,2,6214,3415,1,18,3,8,3,3,8,7,0,7,Low
37,1192,460,61,2,6347,23177,7,16,3,8,2,2,6,2,0,4,Low
38,343,461,92,3,11510,15682,0,14,3,12,3,3,11,10,2,9,Low
31,1232,462,39,3,7143,25713,1,14,3,11,2,2,11,9,4,10,Low
29,144,463,39,2,8268,11866,1,14,3,7,2,3,7,7,1,7,Low
35,1296,464,62,3,8095,18264,0,13,3,17,5,3,16,6,0,13,Low
23,1309,465,83,1,2904,16092,1,12,3,4,2,2,4,2,0,2,Low
41,483,466,95,2,6032,10110,6,15,3,8,3,3,5,4,1,2,Low
47,1309,467,99,2,2976,25751,3,19,3,5,3,3,0,0,0,0,Low
42,810,468,44,4,15992,15901,2,14,3,16,2,3,1,0,0,0,Low
29,746,469,61,2,4649,16928,1,14,3,4,3,2,4,3,0,2,Low
42,544,470,52,1,2696,24017,0,11,3,4,5,3,3,2,1,0,Low
32,1062,471,75,1,2370,3956,1,13,3,8,4,3,8,0,0,7,Low
48,530,473,91,3,12504,23978,3,21,4,15,3,1,0,0,0,0,Low
37,1319,474,51,2,5974,17001,4,13,3,13,2,3,7,7,6,7,Low
30,641,475,85,2,4736,6069,7,12,3,4,2,4,2,2,2,2,Low
26,933,476,57,2,5296,20156,1,17,3,8,3,3,8,7,7,7,Low
42,1332,477,98,2,6781,17078,3,23,4,14,6,3,1,0,0,0,Low
21,756,478,99,1,2174,9150,1,11,3,3,3,3,3,2,1,2,high
36,845,479,45,2,6653,15276,4,15,3,7,6,3,1,0,0,0,Low
36,541,481,48,3,9699,7246,4,11,3,16,2,3,13,9,1,12,Low
57,593,482,88,2,6755,2967,2,11,3,15,2,3,3,2,1,2,Low
40,1171,483,46,1,2213,22495,3,13,3,10,3,3,7,7,1,7,Low
21,895,484,39,1,2610,2851,1,24,4,3,3,2,3,2,2,2,Low
33,350,485,34,1,2851,9150,1,13,3,1,2,3,1,0,0,0,high
37,921,486,98,1,3452,17663,6,20,4,17,3,3,5,4,0,3,Low
46,1144,487,30,2,5258,16044,2,14,3,7,2,4,1,0,0,0,Low
41,143,488,56,2,9355,9558,1,18,3,8,5,3,8,7,7,7,high
50,1046,491,100,3,10496,2755,6,15,3,20,2,3,4,3,1,3,Low
40,575,492,68,2,6380,6110,2,12,3,8,6,3,6,4,1,0,high
31,408,493,42,1,2657,7551,0,16,3,3,5,3,2,2,2,2,Low
21,156,494,90,1,2716,25422,1,15,3,1,0,3,1,0,0,0,high
29,1283,495,54,1,2201,18168,9,16,3,6,4,3,3,2,1,2,Low
35,755,496,97,2,6540,19394,9,19,3,10,5,3,1,1,0,0,Low
27,1469,497,82,1,3816,17881,1,11,3,5,2,3,5,2,0,4,Low
28,304,498,92,2,5253,20750,1,16,3,7,1,3,7,5,0,7,Low
49,1261,499,31,3,10965,12066,8,24,4,26,2,3,5,2,0,0,Low
51,1178,500,87,2,4936,14862,4,11,3,18,2,2,7,7,0,7,Low
36,329,501,96,1,2543,11868,4,13,3,6,3,3,2,2,2,2,Low
34,1362,502,67,2,5304,4652,8,13,3,9,3,2,5,2,0,4,high
55,1311,505,97,4,16659,23258,2,13,3,30,2,3,5,4,1,2,Low
24,1371,507,77,2,4260,5915,1,12,3,5,2,4,5,2,0,3,Low
30,202,508,72,1,2476,17434,1,18,3,1,3,3,1,0,0,0,Low
26,575,510,73,1,3102,6582,0,22,4,7,2,3,6,4,0,4,high
22,253,511,43,1,2244,24440,1,13,3,2,1,3,2,1,1,2,Low
36,164,513,61,3,7596,3809,1,13,3,10,2,3,10,9,9,0,Low
30,464,514,40,1,2285,3427,9,23,4,3,4,3,1,0,0,0,high
37,1107,515,95,1,3034,26914,1,12,3,18,2,2,18,7,12,17,Low
40,759,516,46,2,5715,22553,7,12,3,8,5,3,5,4,1,3,Low
42,201,517,95,1,2576,20490,3,16,3,8,5,3,5,2,1,2,Low
37,1305,518,49,2,4197,21123,2,12,3,18,2,2,1,0,0,1,Low
43,982,520,59,4,14336,4345,1,11,3,25,3,3,25,10,3,9,Low
40,555,521,78,2,3448,13436,6,22,4,20,3,3,1,0,0,0,Low
54,821,522,86,5,19406,8509,4,11,3,24,4,2,4,2,1,2,Low
34,1381,523,72,2,6538,12740,9,15,3,6,3,3,3,2,1,2,Low
31,480,524,31,2,4306,4156,1,12,3,13,5,1,13,10,3,12,Low
43,313,525,61,1,2258,15238,7,20,4,8,1,3,3,2,1,2,Low
43,1473,526,74,2,4522,2227,4,14,3,8,3,3,5,2,0,2,Low
25,891,527,99,2,4487,12090,1,11,3,5,3,3,5,4,1,3,Low
37,1063,529,72,2,4449,23866,3,15,3,15,2,3,13,11,10,7,Low
31,329,530,98,1,2218,16193,1,12,3,4,3,3,4,2,3,2,Low
39,1218,531,52,5,19197,8213,1,14,3,21,3,3,21,8,1,6,Low
56,906,532,86,4,13212,18256,9,11,3,36,0,2,7,7,7,7,Low
30,1082,533,83,2,6577,19558,0,11,3,6,6,3,5,4,4,4,Low
41,645,534,49,3,8392,19566,1,16,3,10,2,3,10,7,0,7,Low
28,1300,536,79,2,4558,13535,1,12,3,10,2,3,10,0,1,8,Low
25,688,538,91,1,4031,9396,5,13,3,6,5,3,2,2,0,2,high
52,319,543,39,3,7969,19609,2,14,3,28,4,3,5,4,0,4,Low
45,192,544,69,1,2654,9655,3,21,4,8,3,2,2,2,0,2,Low
52,1490,546,30,4,16555,10310,2,13,3,31,2,1,5,2,1,4,Low
42,532,547,92,2,4556,12932,2,11,3,19,3,3,5,4,0,2,Low
30,317,548,43,2,6091,24793,2,20,4,11,2,3,5,4,0,2,Low
60,422,549,41,5,19566,3854,5,11,3,33,5,1,29,8,11,10,Low
46,1485,550,87,2,4810,26314,2,14,3,19,5,2,10,7,0,8,Low
42,1368,551,88,2,4523,4386,0,11,3,7,4,4,6,5,0,4,Low
24,1448,554,62,1,3202,21972,1,16,3,6,4,3,5,3,1,4,high
34,296,555,33,1,2351,12253,0,16,3,3,3,2,2,2,1,0,high
38,1490,556,42,1,1702,12106,1,23,4,1,3,3,1,0,0,0,Low
40,1398,558,79,5,18041,13022,0,14,3,21,2,3,20,15,1,12,Low
26,1349,560,90,1,2886,3032,1,22,4,3,3,1,3,2,0,2,Low
30,1400,562,53,1,2097,16734,4,15,3,9,3,1,5,3,1,4,Low
29,986,564,93,3,11935,21526,1,18,3,10,2,3,10,2,0,7,Low
29,408,565,71,1,2546,18300,5,16,3,6,2,4,2,2,1,1,high
19,489,566,52,1,2564,18437,1,12,3,1,3,4,1,0,0,0,high
30,1398,567,69,3,8412,2890,0,11,3,10,3,3,9,8,7,8,Low
57,210,568,56,4,14118,22102,3,12,3,32,3,2,1,0,0,0,Low
50,1099,569,88,4,17046,9314,0,15,3,28,2,3,27,10,15,7,Low
30,1116,571,49,1,2564,7181,0,14,3,12,2,2,11,7,6,7,Low
60,1499,573,80,3,10266,2845,4,19,3,22,5,4,18,13,13,11,Low
47,983,574,65,2,5070,7389,5,13,3,20,2,3,5,0,0,4,Low
46,1009,575,51,4,17861,2288,6,13,3,26,2,1,3,2,0,1,Low
35,144,577,46,1,4230,19225,0,15,3,6,2,3,5,4,4,3,Low
54,548,578,42,2,3780,23428,7,11,3,19,3,3,1,0,0,0,Low
34,1303,579,62,1,2768,8416,3,12,3,14,3,3,7,3,5,7,Low
46,1125,580,94,3,9071,11563,2,19,3,15,3,3,3,2,1,2,Low
31,1274,581,33,3,10648,14394,1,25,4,13,6,4,13,8,0,8,Low
33,1277,582,56,3,13610,24619,7,12,3,15,2,4,7,6,7,7,high
33,587,584,38,1,3408,6705,7,13,3,8,2,3,4,3,1,3,high
30,413,585,57,1,2983,18398,0,14,3,4,3,3,3,2,1,2,Low
35,1276,586,72,3,7632,14295,4,12,3,10,2,3,8,7,0,0,Low
31,534,587,66,3,9824,22908,3,12,3,12,2,3,1,0,0,0,high
34,988,590,43,3,9950,11533,9,15,3,11,2,3,3,2,0,2,high
42,1474,591,97,1,2093,9260,4,17,3,8,4,3,2,2,2,0,Low
36,635,592,32,3,9980,15318,1,14,3,10,3,2,10,3,9,7,Low
22,1368,593,99,1,3894,9129,5,16,3,4,3,3,2,2,1,2,high
48,163,595,37,2,4051,19658,2,14,3,14,2,3,9,7,6,7,Low
55,1117,597,83,4,16835,9873,3,23,4,37,2,3,10,9,7,7,Low
41,267,599,56,2,6230,13430,7,14,3,16,3,3,14,3,1,10,Low
35,619,600,85,2,4717,18659,9,11,3,15,2,3,11,9,6,9,Low
40,302,601,75,4,13237,20364,7,15,3,22,3,3,20,6,5,13,Low
39,443,602,48,1,3755,17872,1,11,3,8,3,3,8,3,0,7,Low
31,828,604,77,2,6582,8346,4,13,3,10,2,4,6,5,0,5,Low
42,319,605,56,3,7406,6950,1,21,4,10,5,2,10,9,5,8,Low
45,561,606,61,2,4805,16177,0,19,3,9,3,4,8,7,3,7,Low
26,426,608,58,1,2741,22808,0,11,3,8,2,2,7,7,1,0,high
29,232,611,34,2,4262,22645,4,12,3,8,2,4,3,2,1,2,Low
33,922,612,95,4,16184,22578,4,19,3,10,2,3,6,1,0,5,Low
31,688,613,44,3,11557,25291,9,21,4,10,3,2,5,4,0,1,Low
18,1306,614,69,1,1878,8059,1,14,3,0,3,3,0,0,0,0,high
40,1094,615,58,3,10932,11373,3,15,3,20,2,3,1,0,0,1,Low
41,509,616,62,2,6811,2112,2,17,3,10,3,3,8,7,0,7,Low
26,775,618,45,2,4306,4267,5,12,3,8,5,3,0,0,0,0,Low
35,195,620,80,2,4859,6698,1,16,3,5,3,3,5,4,0,3,Low
34,258,621,74,2,5337,19921,1,12,3,10,3,3,10,7,5,7,Low
26,471,622,66,1,2340,23213,1,18,3,1,3,1,1,0,0,0,high
37,799,623,59,3,7491,23848,4,17,3,12,3,4,6,5,1,2,Low
46,1034,624,86,3,10527,8984,5,11,3,28,3,2,2,2,1,2,Low
41,1276,625,91,4,16595,5626,7,16,3,22,2,3,18,16,11,8,Low
37,142,626,69,3,8834,24666,1,13,3,9,6,3,9,5,7,7,Low
52,956,630,78,2,5577,22087,3,12,3,18,3,3,10,9,6,9,Low
32,1474,631,60,2,4707,23914,8,12,3,6,2,3,4,2,1,2,high
24,535,632,38,1,2400,5530,0,13,3,3,3,3,2,2,2,1,Low
38,1495,634,76,2,9824,22174,3,19,3,18,4,3,1,0,0,0,Low
37,446,635,65,2,6447,15701,6,12,3,8,2,2,6,5,4,3,Low
49,1245,638,58,5,19502,2125,1,17,3,31,5,3,31,9,0,9,Low
24,691,639,89,1,2725,21630,1,11,3,6,3,3,6,5,1,4,Low
26,703,641,66,2,6272,7428,1,20,4,6,5,4,5,3,1,4,Low
24,823,643,94,1,2127,9100,1,21,4,1,2,3,1,0,0,0,Low
50,1246,644,99,5,18200,7999,1,11,3,32,2,3,32,5,10,7,Low
25,622,645,40,1,2096,26376,1,11,3,7,1,3,7,4,0,6,Low
24,1287,647,55,1,2886,14168,1,16,3,6,4,3,6,3,1,2,high
30,448,648,74,1,2033,14470,1,18,3,1,2,4,1,0,0,0,high
34,254,649,83,1,3622,22794,1,13,3,6,3,3,6,5,1,3,Low
31,1365,650,46,2,4233,11512,2,17,3,9,2,1,3,1,1,2,high
35,538,652,54,2,3681,14004,4,14,3,9,3,3,3,2,0,2,Low
31,525,653,66,2,5460,6219,4,22,4,13,4,4,7,7,5,7,Low
27,798,655,66,1,2187,5013,0,12,3,6,5,2,5,3,0,3,Low
37,558,656,75,2,9602,3010,4,11,3,17,3,2,3,0,1,0,Low
20,959,657,83,1,2836,11757,1,13,3,1,0,4,1,0,0,0,Low
42,622,659,81,2,4089,5718,1,13,3,10,4,3,10,2,2,2,Low
43,782,661,50,4,16627,2671,4,14,3,21,3,2,1,0,0,0,Low
38,362,662,43,1,2619,14561,3,17,3,8,3,2,0,0,0,0,Low
43,1001,663,72,2,5679,19627,3,13,3,10,3,3,8,7,4,7,Low
48,1236,664,40,4,15402,17997,7,11,3,21,3,1,3,2,0,2,Low
44,1112,665,50,2,5985,26894,4,11,3,10,1,4,2,2,0,2,Low
34,204,666,31,1,2579,2912,1,18,3,8,3,3,8,2,0,6,Low
27,1420,667,85,1,3041,16346,0,11,3,5,3,3,4,3,0,2,high
21,1343,669,49,1,3447,24444,1,11,3,3,2,3,3,2,1,2,Low
44,1315,671,35,5,19513,9358,4,12,3,26,2,4,2,2,0,1,Low
22,604,675,69,1,2773,12145,0,20,4,3,3,3,2,2,2,2,Low
33,1216,677,39,2,7104,20431,0,12,3,6,3,3,5,0,1,2,Low
32,646,679,92,2,6322,18089,1,12,3,6,2,2,6,4,0,5,Low
30,160,680,71,1,2083,22653,1,20,4,1,2,3,1,0,0,0,Low
53,238,682,34,2,8381,7507,7,20,4,18,2,4,14,7,8,10,Low
34,1397,683,42,1,2691,7660,1,12,3,10,4,2,10,9,8,8,Low
45,306,684,100,2,4286,5630,2,14,3,5,4,3,1,1,0,0,high
26,991,686,71,1,2659,17759,1,13,3,3,2,3,3,2,0,2,Low
37,482,689,36,3,9434,9606,1,15,3,10,2,3,10,7,7,8,Low
29,1176,690,62,2,5561,3487,1,14,3,6,5,2,6,0,1,2,Low
35,1017,691,82,2,6646,19368,1,13,3,17,3,3,17,11,11,8,Low
33,1296,692,30,2,7725,5335,3,23,4,15,2,1,13,11,4,7,Low
54,397,698,88,3,10725,6729,2,15,3,16,1,4,9,7,7,1,Low
36,913,699,48,2,8847,13934,2,11,3,13,2,3,3,2,0,2,Low
27,1115,700,54,1,2045,15174,0,13,3,5,0,3,4,2,1,1,Low
20,1362,701,32,1,1009,26999,1,11,3,1,5,3,1,0,1,1,high
33,1076,702,70,1,3348,3164,1,11,3,10,3,3,10,8,9,7,high
35,727,704,41,1,1281,16900,1,18,3,1,3,3,1,0,0,0,Low
23,885,705,58,1,2819,8544,2,16,3,5,3,4,3,2,0,2,Low
25,810,707,57,2,4851,15678,0,22,4,4,4,3,3,2,1,2,Low
38,243,709,46,2,4028,7791,0,20,4,8,2,3,7,7,0,5,Low
29,806,710,76,1,2720,18959,1,18,3,10,5,3,10,7,2,8,Low
48,817,712,56,2,8120,18597,3,12,3,12,3,3,2,2,2,2,Low
27,1410,714,71,2,4647,16673,1,20,4,6,3,3,6,5,0,4,Low
37,1225,715,80,1,4680,15232,3,17,3,4,2,3,1,0,0,0,Low
50,1207,716,74,1,3221,3297,1,11,3,20,3,3,20,8,3,8,Low
34,1442,717,46,3,8621,17654,1,14,3,9,3,4,8,7,7,7,Low
24,693,720,65,2,4577,24785,9,14,3,4,3,3,2,2,2,0,high
39,408,721,80,2,4553,20978,1,11,3,20,4,3,20,7,11,10,Low
32,929,722,55,2,5396,21703,1,12,3,10,2,2,10,7,0,8,Low
50,562,723,50,2,6796,23452,3,14,3,18,4,3,4,3,1,3,high
38,827,724,33,2,7625,19383,0,13,3,10,4,2,9,7,1,8,Low
27,608,725,68,3,7412,6009,1,11,3,9,3,3,9,7,0,7,Low
32,1018,727,39,3,11159,19373,3,15,3,10,6,3,7,7,7,7,Low
47,703,728,42,2,4960,11825,2,12,3,20,2,3,7,7,1,7,Low
40,580,729,48,3,10475,23772,5,21,4,20,2,3,18,13,1,12,Low
53,970,730,59,4,14814,13514,3,19,3,32,3,3,5,1,1,3,Low
41,427,731,73,5,19141,8861,3,15,3,23,2,2,21,6,12,6,Low
60,1179,732,84,2,5405,11924,8,14,3,10,1,3,2,2,2,2,Low
27,294,733,32,3,8793,4809,1,21,4,9,4,2,9,7,1,7,Low
41,314,734,59,5,19189,19562,1,12,3,22,3,3,22,7,2,10,Low
50,316,738,54,1,3875,9983,7,15,3,4,2,3,2,2,2,2,Low
28,654,741,67,1,2216,3872,7,13,3,10,4,3,7,7,3,7,high
36,427,742,63,3,11713,20335,9,14,3,10,2,3,8,7,0,5,Low
38,168,743,81,3,7861,15397,4,14,3,10,4,4,1,0,0,0,Low
44,381,744,49,1,3708,2104,2,14,3,9,5,3,5,2,1,4,Low
47,217,746,49,4,13770,10225,9,12,3,28,2,2,22,2,11,13,Low
30,501,747,99,2,5304,25275,7,23,4,10,2,2,8,7,7,7,Low
29,1396,749,99,1,2642,2755,1,11,3,1,6,3,1,0,0,0,Low
42,933,752,57,1,2759,20366,6,12,3,7,2,3,2,2,2,2,high
43,775,754,47,2,6804,23683,3,18,3,7,5,3,2,2,2,2,Low
34,970,757,96,2,6142,7360,3,11,3,10,2,3,5,1,4,3,Low
23,650,758,37,1,2500,4344,1,14,3,5,2,4,4,3,0,2,Low
39,141,760,44,2,6389,18767,9,15,3,12,3,1,8,3,3,6,Low
56,832,762,81,4,11103,20420,7,11,3,30,1,2,10,7,1,1,Low
40,804,763,86,1,2342,22929,0,20,4,5,2,2,4,2,2,3,Low
27,975,764,55,2,6811,23398,8,19,3,9,2,1,7,6,0,7,Low
29,1090,766,83,1,2297,17967,1,14,3,2,2,3,2,2,2,2,Low
53,346,769,86,2,2450,10919,2,17,3,19,4,3,2,2,2,2,Low
35,1225,771,61,2,5093,4761,2,11,3,16,2,4,1,0,0,0,Low
32,430,772,80,2,5309,21146,1,15,3,10,2,3,10,8,4,7,Low
38,268,773,92,1,3057,20471,6,13,3,6,0,1,1,0,0,1,Low
34,167,775,32,2,5121,4187,3,14,3,7,3,3,0,0,0,0,Low
52,621,776,31,4,16856,10084,1,11,3,34,3,4,34,6,1,16,Low
33,527,780,63,1,2686,5207,1,13,3,10,2,2,10,9,7,8,high
25,883,781,32,2,6180,22807,1,23,4,6,5,2,6,5,1,4,Low
45,954,783,46,2,6632,12388,0,13,3,9,3,3,8,7,3,1,Low
23,310,784,79,1,3505,19630,1,18,3,2,3,3,2,2,0,2,Low
47,719,785,77,2,6397,10339,4,12,3,8,2,3,5,4,1,3,high
34,304,786,60,2,6274,18686,1,22,4,6,5,3,6,5,1,4,Low
55,725,787,78,5,19859,21199,5,13,3,24,2,3,5,2,1,4,high
36,1434,789,76,3,7587,14229,1,15,3,10,1,3,10,7,0,9,Low
52,715,791,41,1,4258,26589,0,18,3,5,3,3,4,3,1,2,Low
26,575,792,71,1,4364,5288,3,14,3,5,2,3,2,2,2,0,Low
29,657,793,66,2,4335,25549,4,12,3,11,3,2,8,7,1,1,Low
26,1146,796,38,2,5326,3064,6,17,3,6,2,2,4,3,1,2,high
34,182,797,72,1,3280,13551,2,16,3,10,2,3,4,2,1,3,Low
54,376,799,95,2,5485,22670,9,11,3,9,4,3,5,3,1,4,Low
27,829,800,84,2,4342,24008,0,19,3,5,3,3,4,2,1,1,Low
37,571,802,82,1,2782,19905,0,13,3,6,3,2,5,3,4,3,Low
38,240,803,75,2,5980,26085,6,12,3,17,2,3,15,7,4,12,Low
34,121,804,86,1,4381,7530,1,11,3,6,3,3,6,5,1,3,Low
35,384,805,72,1,2572,20317,1,16,3,3,1,2,3,2,0,2,Low
30,921,806,38,1,3833,24375,3,21,4,7,2,3,2,2,0,2,Low
40,791,807,38,2,4244,9931,1,24,4,8,2,3,8,7,3,7,Low
34,1111,808,93,2,6500,13305,5,17,3,6,1,3,3,2,1,2,Low
42,570,809,66,5,18430,16225,1,13,3,24,4,2,24,7,14,9,Low
23,1243,811,63,1,1601,3445,1,21,4,1,2,3,0,0,0,0,high
24,1092,812,60,1,2694,26551,1,11,3,1,4,3,1,0,0,0,Low
52,1325,813,82,2,3149,21821,8,20,4,9,3,3,5,2,1,4,Low
50,691,815,64,4,17639,6881,5,16,3,30,3,3,4,3,0,3,Low
29,805,816,36,1,2319,6689,1,11,3,1,1,3,1,0,0,0,high
33,213,817,49,3,11691,25995,0,11,3,14,3,4,13,9,3,7,Low
33,118,819,69,2,5324,26507,5,15,3,6,3,3,3,2,0,2,high
47,202,820,33,4,16752,12982,1,11,3,26,3,2,26,14,3,0,Low
36,676,823,35,2,5228,23361,0,15,3,10,2,3,9,7,0,5,Low
29,1252,824,81,1,2700,23779,1,24,4,10,3,3,10,7,0,7,Low
58,286,825,31,5,19246,25761,7,12,3,40,2,3,31,15,13,8,high
35,1258,826,40,1,2506,13301,3,13,3,7,0,3,2,2,2,2,Low
42,932,827,43,2,6062,4051,9,13,3,8,4,3,4,3,0,2,Low
28,890,828,46,1,4382,16374,6,17,3,5,3,2,2,2,2,1,high
36,1041,829,36,1,2143,25527,4,13,3,8,2,3,5,2,0,4,Low
32,859,830,98,2,6162,19124,1,12,3,14,3,3,14,13,6,8,Low
40,720,832,51,2,5094,11983,6,14,3,10,6,3,1,0,0,0,Low
30,946,833,52,2,6877,20234,5,24,4,12,4,2,0,0,0,0,Low
45,252,834,95,1,2274,6153,1,14,3,1,3,3,1,0,0,0,Low
42,933,836,98,2,4434,11806,1,13,3,10,3,2,9,8,7,8,Low
38,471,837,45,2,6288,4284,2,15,3,13,3,2,4,3,1,2,Low
34,702,838,100,1,2553,8306,1,16,3,6,3,3,5,2,1,3,Low
49,1184,840,43,3,7654,5860,1,18,3,9,3,4,9,8,7,7,high
55,436,842,37,2,5160,21519,4,16,3,12,3,2,9,7,7,3,high
43,589,843,94,4,17159,5200,6,24,4,22,3,3,4,1,1,0,Low
27,269,844,42,3,12808,8842,1,16,3,9,3,3,9,8,0,8,Low
35,950,845,59,3,10221,18869,3,21,4,17,3,4,8,5,1,6,Low
28,760,846,81,2,4779,3698,1,20,4,8,2,3,8,7,7,5,Low
34,829,847,88,1,3737,2243,0,19,3,4,1,1,3,2,0,2,Low
26,887,848,88,1,2366,20898,1,14,3,8,2,3,8,7,1,7,high
27,443,850,50,1,1706,16571,1,11,3,0,6,2,0,0,0,0,Low
51,1318,851,66,4,16307,5594,2,14,3,29,2,2,20,6,4,17,Low
44,625,852,50,2,5933,5197,9,12,3,10,2,2,5,2,2,3,Low
25,180,854,65,1,3424,21632,7,13,3,6,3,2,4,3,0,1,Low
33,586,855,48,2,4037,21816,1,22,4,9,5,3,9,8,0,8,Low
35,1343,856,53,1,2559,17852,1,11,3,6,3,2,6,5,1,1,Low
36,928,857,56,2,6201,2823,1,14,3,18,1,2,18,14,4,11,Low
32,117,859,73,2,4403,9250,2,11,3,8,3,2,5,2,0,3,Low
30,1012,861,75,1,3761,2373,9,12,3,10,3,2,5,4,0,3,Low
53,661,862,78,3,10934,20715,7,18,3,35,3,3,5,2,0,4,Low
45,930,864,74,3,10761,19239,4,12,3,18,2,3,5,4,0,2,Low
32,638,865,91,2,5175,22162,5,12,3,9,3,2,5,3,1,3,Low
52,890,867,81,4,13826,19028,3,22,4,31,3,3,9,8,0,0,Low
37,342,868,66,2,6334,24558,4,19,3,9,2,3,1,0,0,0,Low
28,1169,869,63,1,4936,23965,1,13,3,6,6,3,5,1,0,4,Low
22,1230,872,33,2,4775,19146,6,22,4,4,2,1,2,2,2,2,Low
44,986,874,62,1,2818,5044,2,24,4,10,2,2,3,2,0,2,Low
42,1271,875,35,1,2515,9068,5,14,3,8,2,3,2,1,2,2,Low
36,1278,878,77,1,2342,8635,0,21,4,6,3,3,5,4,0,3,Low
25,141,879,98,2,4194,14363,1,18,3,5,3,3,5,3,0,3,Low
35,607,880,66,3,10685,23457,1,20,4,17,2,3,17,14,5,15,Low
35,130,881,96,1,2022,16612,1,19,3,10,3,2,10,2,7,8,high
32,300,882,61,1,2314,9148,0,12,3,4,2,3,3,0,0,2,Low
25,583,885,87,2,4256,18154,1,12,3,5,1,4,5,2,0,3,Low
49,1418,887,36,1,3580,10554,2,16,3,7,2,3,4,2,0,2,Low
24,1269,888,46,1,3162,10778,0,17,3,6,2,2,5,2,3,4,Low
32,379,889,48,2,6524,8891,1,14,3,10,3,3,10,8,5,3,Low
38,395,893,98,1,2899,12102,0,19,3,3,3,3,2,2,1,2,Low
42,1265,894,95,2,5231,23726,2,13,3,17,1,2,5,3,1,3,Low
31,1222,895,48,1,2356,14871,3,19,3,8,2,3,6,4,0,2,Low
29,341,896,48,1,2800,23522,6,19,3,5,3,3,3,2,0,2,high
53,868,897,73,4,11836,22789,5,14,3,28,3,3,2,0,2,2,Low
35,672,899,78,3,10903,9129,3,16,3,16,2,3,13,10,4,8,Low
37,1231,900,54,1,2973,21222,5,15,3,10,3,3,5,4,0,0,Low
53,102,901,72,4,14275,20206,6,18,3,33,0,3,12,9,3,8,Low
43,422,902,33,2,5562,21782,4,13,3,12,2,2,5,2,2,2,Low
47,249,903,35,2,4537,17783,0,22,4,8,2,3,7,6,7,7,Low
37,1252,904,32,3,7642,4814,1,13,3,10,2,3,10,0,0,9,Low
50,881,905,98,4,17924,4544,1,11,3,31,3,3,31,6,14,7,Low
39,1383,909,42,2,5204,7790,8,11,3,13,2,3,5,4,0,4,Low
33,1075,910,57,1,2277,22650,3,11,3,7,4,4,4,3,0,3,Low
32,374,911,87,1,2795,18016,1,24,4,1,2,1,1,0,0,1,high
29,1086,912,62,1,2532,6054,6,14,3,8,5,3,4,3,0,3,Low
44,661,913,61,1,2559,7508,1,13,3,8,0,3,8,7,7,1,Low
28,821,916,98,2,4908,24252,1,14,3,4,3,3,4,2,0,2,Low
58,781,918,57,1,2380,13384,9,14,3,3,3,2,1,0,0,0,high
43,177,920,55,2,4765,23814,4,21,4,4,2,4,1,0,0,0,Low
20,500,922,49,1,2044,22052,1,13,3,2,3,2,2,2,0,2,high
21,1427,923,65,1,2693,8870,1,19,3,1,3,2,1,0,0,0,high
36,1425,924,68,2,6586,4821,0,17,3,17,2,2,16,8,4,11,Low
47,1454,925,65,1,3294,13137,1,18,3,3,3,2,3,2,1,2,Low
22,617,926,34,2,4171,10022,0,19,3,4,3,4,3,2,0,2,high
41,1085,927,57,1,2778,17725,4,13,3,10,1,2,7,7,1,0,high
28,995,930,77,1,2377,9834,5,18,3,6,2,3,2,2,2,2,Low
39,1122,932,70,1,2404,4303,7,21,4,8,2,1,2,2,2,2,high
27,618,933,76,1,2318,17808,1,19,3,1,2,3,1,1,0,0,Low
34,546,934,83,1,2008,6896,1,14,3,1,3,3,1,0,1,0,Low
42,462,936,68,2,6244,7824,7,17,3,10,6,3,5,4,0,3,Low
33,1198,939,100,1,2799,3339,3,11,3,6,1,3,3,2,0,2,Low
58,1272,940,37,3,10552,9255,2,13,3,24,3,3,6,0,0,4,Low
31,154,941,41,1,2329,11737,3,15,3,13,2,4,7,7,5,2,Low
35,1137,942,51,2,4014,19170,1,25,4,10,2,1,10,6,0,7,Low
49,527,944,51,3,7403,22477,4,11,3,29,3,2,26,9,1,7,Low
48,1469,945,51,1,2259,5543,4,17,3,13,2,2,0,0,0,0,Low
31,1188,947,45,2,6932,24406,1,13,3,9,2,2,9,8,0,0,Low
36,188,949,65,1,4678,23293,2,18,3,8,6,3,6,2,0,1,Low
38,1333,950,80,3,13582,16292,1,13,3,15,3,3,15,12,5,11,Low
32,1184,951,70,1,2332,3974,6,20,4,5,3,3,3,0,0,2,Low
25,867,952,36,1,2413,18798,1,18,3,1,2,3,1,0,0,0,high
40,658,954,67,3,9705,20652,2,12,3,11,2,2,1,0,0,0,Low
26,1283,956,52,2,4294,11148,1,12,3,7,2,3,7,7,0,7,Low
41,263,957,59,1,4721,3119,2,13,3,20,3,3,18,13,2,17,Low
36,938,958,79,1,2519,12287,4,21,4,16,6,3,11,8,3,9,Low
19,419,959,37,1,2121,9947,1,13,3,1,3,4,1,0,0,0,high
20,129,960,84,1,2973,13008,1,19,3,1,2,3,1,0,0,0,high
31,616,961,41,2,5855,17369,0,11,3,10,2,1,9,7,8,5,Low
40,1469,964,35,1,3617,25063,8,14,3,3,2,3,1,1,0,0,Low
32,498,966,93,2,6725,13554,1,12,3,8,2,4,8,7,6,3,Low
36,530,967,51,3,10325,5518,1,11,3,16,6,3,16,7,3,7,high
33,1069,969,42,2,6949,12291,0,14,3,6,3,3,5,0,1,4,Low
37,625,970,46,3,10609,14922,5,11,3,17,2,1,14,1,11,7,high
45,805,972,57,2,4447,23163,1,12,3,9,5,2,9,7,0,8,Low
29,1404,974,84,1,2157,18203,1,15,3,3,5,3,3,1,0,2,Low
35,1219,975,86,2,4601,6179,1,16,3,5,3,3,5,2,1,0,Low
52,1053,976,70,4,17099,13829,2,15,3,26,2,2,9,8,7,8,Low
58,289,977,51,1,2479,26227,4,24,4,7,4,3,1,0,0,0,high
53,1376,981,45,4,14852,13938,6,13,3,22,3,4,17,13,15,2,Low
30,231,982,62,3,7264,9977,5,11,3,10,2,4,8,4,7,7,Low
38,152,983,85,2,5666,19899,1,13,3,6,1,3,5,3,1,3,Low
35,882,984,92,3,7823,6812,6,13,3,12,2,3,10,9,0,8,Low
39,903,985,41,3,7880,2560,0,18,3,9,3,3,8,7,0,7,Low
40,1479,986,100,4,13194,17071,4,16,3,22,2,2,1,0,0,0,high
47,1379,987,64,2,5067,6759,1,19,3,20,3,4,19,10,2,7,Low
36,1229,990,84,2,5079,25952,4,13,3,12,3,3,7,7,0,7,Low
31,335,991,46,1,2321,10322,0,22,4,4,0,3,3,2,1,2,high
33,722,992,38,4,17444,20489,1,11,3,10,2,3,10,8,6,0,Low
29,906,994,92,1,2404,11479,6,20,4,3,5,3,0,0,0,0,high
33,461,995,53,1,3452,17241,3,18,3,5,4,3,3,2,0,2,Low
45,974,996,91,1,2270,11005,3,14,3,8,2,3,5,3,0,2,Low
50,1126,997,66,4,17399,6615,9,22,4,32,1,2,5,4,1,3,Low
33,827,998,84,2,5488,20161,1,13,3,6,2,3,6,5,1,2,Low
41,840,999,64,5,19419,3735,2,17,3,21,2,4,18,16,0,11,Low
27,1134,1001,37,1,2811,12086,9,14,3,4,2,3,2,2,2,2,Low
45,248,1002,42,2,3633,14039,1,15,3,9,2,3,9,8,0,8,Low
47,955,1003,83,2,4163,8571,1,17,3,9,0,3,9,0,0,7,Low
30,138,1004,48,1,2132,11539,4,11,3,7,2,3,5,2,0,1,high
50,939,1005,95,4,13973,4161,3,18,3,22,2,3,12,11,1,5,Low
38,1391,1006,66,1,2684,12127,0,17,3,3,0,2,2,1,0,2,Low
46,566,1007,75,3,10845,24208,6,13,3,13,3,3,8,7,0,7,Low
24,1206,1009,41,2,4377,24117,1,15,3,5,6,3,4,2,3,2,Low
35,622,1010,39,1,3743,10074,1,24,4,5,2,1,4,2,0,2,high
31,853,1011,96,2,4148,11275,1,12,3,4,1,3,4,3,0,3,Low
18,287,1012,73,1,1051,13493,1,15,3,0,2,3,0,0,0,0,Low
54,1441,1013,56,3,10739,13943,8,11,3,22,2,3,10,7,0,8,Low
35,583,1014,57,3,10388,6975,1,11,3,16,3,2,16,10,10,1,Low
30,153,1015,73,3,11416,17802,0,12,3,9,4,2,8,7,1,7,Low
20,1097,1016,98,1,2600,18275,1,15,3,1,2,3,1,0,0,0,high
30,109,1017,60,1,2422,25725,0,17,3,4,3,3,3,2,1,2,high
26,1066,1018,32,2,5472,3334,1,12,3,8,2,3,8,7,1,3,Low
22,217,1019,94,1,2451,6881,1,15,3,4,3,2,4,3,1,1,Low
48,277,1022,97,2,4240,13119,2,13,3,19,0,3,2,2,2,2,Low
48,1355,1024,78,3,10999,22245,7,14,3,27,3,3,15,11,4,8,Low
41,549,1025,42,2,5003,23371,6,14,3,8,6,3,2,2,2,1,Low
39,466,1026,65,4,12742,7060,1,16,3,21,3,3,21,6,11,8,Low
27,1055,1027,47,2,4227,4658,0,18,3,4,2,3,3,2,2,2,Low
35,802,1028,45,1,3917,9541,1,20,4,3,4,2,3,2,1,2,Low
42,265,1029,90,5,18303,7770,6,13,3,21,3,4,1,0,0,0,Low
50,804,1030,64,1,2380,20165,4,18,3,8,5,3,1,0,0,0,Low
59,715,1032,69,4,13726,21829,3,13,3,30,4,3,5,3,4,3,Low
37,1141,1033,61,2,4777,14382,5,15,3,15,2,1,1,0,0,0,high
55,135,1034,62,2,6385,12992,3,14,3,17,3,3,8,7,6,7,Low
41,247,1035,55,5,19973,20284,1,22,4,21,3,3,21,16,5,10,Low
38,1035,1036,42,2,6861,4981,8,12,3,19,1,3,1,0,0,0,Low
26,265,1037,79,2,4969,21813,8,18,3,7,6,3,2,2,2,2,high
52,266,1038,57,5,19845,25846,1,15,3,33,3,3,32,14,6,9,high
44,1448,1039,53,4,13320,11737,3,18,3,23,2,3,12,11,11,11,Low
50,145,1040,95,2,6347,24920,0,12,3,19,3,3,18,7,0,13,Low
36,885,1042,43,1,2743,8269,1,16,3,18,1,3,17,13,15,14,high
39,945,1043,82,3,10880,5083,1,13,3,21,2,3,21,6,2,8,Low
33,1038,1044,88,1,2342,21437,0,19,3,3,2,2,2,2,2,2,Low
45,1234,1045,90,4,17650,5404,3,13,3,26,4,4,9,3,1,1,Low
32,1109,1046,69,1,4025,11135,9,12,3,10,2,3,8,7,7,7,Low
34,216,1047,75,2,9725,12278,0,11,3,16,2,2,15,1,0,9,Low
59,1089,1048,66,3,11904,11038,3,14,3,14,1,1,6,4,0,4,Low
45,788,1049,36,1,2177,8318,1,16,3,6,3,3,6,3,0,4,Low
53,124,1050,38,3,7525,23537,2,12,3,30,2,3,15,7,6,12,Low
36,660,1052,81,2,4834,7858,7,14,3,9,3,2,1,0,0,0,high
26,342,1053,57,1,2042,15346,6,14,3,6,2,3,3,2,1,2,high
34,1333,1055,87,1,2220,18410,1,19,3,1,2,3,1,1,0,0,Low
28,1144,1056,74,1,1052,23384,1,22,4,1,5,3,1,0,0,0,Low
38,1186,1060,44,1,2821,2997,3,16,3,8,2,3,2,2,2,2,Low
50,1464,1061,62,5,19237,12853,2,11,3,29,2,2,8,1,7,7,Low
37,124,1062,35,2,4107,13848,3,15,3,8,3,2,4,3,0,1,Low
40,300,1066,74,2,8396,22217,1,14,3,8,3,2,7,7,7,5,Low
26,921,1068,66,1,2007,25265,1,13,3,5,5,3,5,3,1,3,Low
46,430,1069,40,5,19627,21445,9,17,3,23,0,3,2,2,2,2,Low
54,1082,1070,41,3,10686,8392,6,11,3,13,4,3,9,4,7,0,Low
56,1240,1071,63,1,2942,12154,2,19,3,18,4,3,5,4,0,3,Low
36,796,1073,51,3,8858,15669,0,11,3,15,2,2,14,8,7,8,Low
55,444,1074,40,4,16756,17323,7,15,3,31,3,4,9,7,6,2,Low
43,415,1076,79,3,10798,5268,5,13,3,18,5,3,1,0,0,0,Low
20,769,1077,54,1,2323,17205,1,14,3,2,3,3,2,2,0,2,high
21,1334,1079,36,1,1416,17258,1,13,3,1,6,2,1,0,1,0,high
46,1003,1080,74,2,4615,21029,8,23,4,19,2,3,16,13,1,7,Low
51,1323,1081,34,1,2461,10332,9,12,3,18,2,4,10,0,2,7,high
28,1366,1082,72,3,8722,12355,1,12,3,10,2,2,10,7,1,9,high
26,192,1083,59,1,3955,11141,1,16,3,6,2,3,5,3,1,3,Low
30,1176,1084,85,2,9957,9096,0,15,3,7,1,2,6,2,0,2,Low
41,509,1085,43,1,3376,18863,1,13,3,10,3,3,10,6,0,8,Low
38,330,1088,65,3,8823,24608,0,18,3,20,4,2,19,9,1,9,Low
40,1492,1092,61,3,10322,26542,4,20,4,14,6,3,11,10,11,1,Low
27,1277,1094,87,1,4621,5869,1,19,3,3,4,3,3,2,1,2,Low
55,1091,1096,65,3,10976,15813,3,18,3,23,4,3,3,2,1,2,Low
28,857,1097,59,2,3660,7909,3,13,3,10,4,4,8,7,1,7,Low
44,1376,1098,91,3,10482,2326,9,14,3,24,1,3,20,6,3,6,high
33,654,1099,34,3,7119,21214,4,15,3,9,2,3,3,2,1,2,Low
35,1204,1100,86,3,9582,10333,0,22,4,9,2,3,8,7,4,7,high
33,827,1101,54,2,4508,3129,1,22,4,14,4,3,13,7,3,8,high
28,895,1102,50,1,2207,22482,1,16,3,4,5,2,4,2,2,2,Low
34,618,1103,45,2,7756,22266,0,17,3,7,1,2,6,2,0,4,Low
37,309,1105,88,2,6694,24223,2,14,3,8,5,3,1,0,0,0,Low
25,1219,1106,32,1,3691,4605,1,15,3,7,3,4,7,7,5,6,high
26,1330,1107,37,1,2377,19373,1,20,4,1,0,2,1,1,0,0,high
33,1017,1108,55,1,2313,2993,4,20,4,5,0,3,2,2,2,2,high
42,469,1109,35,4,17665,14399,0,17,3,23,3,3,22,6,13,7,Low
28,1009,1111,45,1,2596,7160,1,15,3,1,2,3,1,0,0,0,high
50,959,1113,81,2,4728,17251,3,14,3,5,4,3,0,0,0,0,high
33,970,1114,30,2,4302,13401,0,17,3,4,3,3,3,2,0,2,Low
34,697,1115,40,1,2979,22478,3,17,3,6,2,3,0,0,0,0,Low
48,1262,1116,35,4,16885,16154,2,22,4,27,3,2,5,4,2,1,Low
45,1050,1117,65,2,5593,17970,1,13,3,15,2,3,15,10,4,12,Low
52,994,1118,87,3,10445,15322,7,19,3,18,4,3,8,6,4,0,Low
38,770,1119,73,3,8740,5569,0,14,3,9,2,3,8,7,2,7,Low
29,1107,1120,93,1,2514,26968,4,22,4,11,1,3,7,5,1,7,Low
28,950,1121,93,3,7655,8039,0,17,3,10,3,2,9,7,1,7,Low
46,406,1124,52,4,17465,15596,3,12,3,23,3,3,12,9,4,9,Low
38,130,1125,32,3,7351,20619,7,16,3,10,2,3,1,0,0,0,Low
43,1082,1126,83,3,10820,11535,8,11,3,18,1,3,8,7,0,1,Low
39,203,1127,84,4,12169,13547,7,11,3,21,4,3,18,7,11,5,high
40,1308,1128,44,5,19626,17544,1,14,3,21,2,4,20,7,4,9,Low
21,984,1131,70,1,2070,25326,1,11,3,2,6,4,2,2,2,2,Low
39,439,1132,70,2,6782,8770,9,15,3,9,2,2,5,4,0,3,Low
36,217,1133,78,2,7779,23238,2,20,4,18,0,3,11,9,0,9,Low
31,793,1135,67,1,2791,21981,0,12,3,3,4,3,2,2,2,2,Low
28,1451,1136,67,1,3201,19911,0,17,3,6,2,1,5,3,0,4,Low
35,1182,1137,54,2,4968,18500,1,11,3,5,3,3,5,2,0,2,Low
49,174,1138,56,4,13120,11879,6,17,3,22,3,3,9,8,2,3,Low
34,1003,1140,95,2,4033,15834,2,11,3,5,3,2,3,2,0,2,Low
29,490,1143,61,1,3291,17940,0,14,3,8,2,2,7,5,1,1,Low
42,188,1148,56,2,4272,9558,4,19,3,16,3,3,1,0,0,0,Low
29,718,1150,79,2,5056,17689,1,15,3,10,2,2,10,7,1,2,Low
38,433,1152,37,1,2844,6004,1,13,3,7,2,4,7,6,5,0,Low
28,773,1154,39,1,2703,22088,1,14,3,3,2,3,3,1,0,2,Low
18,247,1156,80,1,1904,13556,1,12,3,0,0,3,0,0,0,0,high
33,603,1157,77,2,8224,18385,0,17,3,6,3,3,5,2,0,3,high
41,167,1158,46,1,4766,9051,3,11,3,6,4,3,1,0,0,0,Low
31,874,1160,72,1,2610,6233,1,12,3,2,5,2,2,2,2,2,high
37,367,1161,52,2,5731,17171,7,13,3,9,2,3,6,2,1,3,Low
27,199,1162,55,1,2539,7950,1,13,3,4,0,3,4,2,2,2,Low
34,1400,1163,70,2,5714,5829,1,20,4,6,3,2,6,5,1,3,Low
35,528,1164,100,1,4323,7108,1,17,3,6,2,1,5,4,1,4,Low
29,408,1165,45,3,7336,11162,1,13,3,11,3,1,11,8,3,10,high
40,593,1166,88,3,13499,13782,9,17,3,20,3,2,18,7,2,13,Low
42,481,1167,44,4,13758,2447,0,12,3,22,2,2,21,9,13,14,high
42,647,1171,45,2,5155,2253,7,13,3,9,3,4,6,4,1,5,Low
35,982,1172,58,1,2258,16340,6,12,3,10,2,3,8,0,1,7,Low
24,477,1173,49,1,3597,6409,8,22,4,6,2,3,4,3,1,2,Low
28,1485,1175,79,1,2515,22955,1,11,3,1,4,2,1,1,0,0,high
26,1384,1177,82,1,4420,13421,1,22,4,8,2,3,8,7,0,7,Low
30,852,1179,72,2,6578,2706,1,18,3,10,3,3,10,3,1,4,Low
40,902,1180,92,2,4422,21203,3,13,3,16,3,1,1,1,0,0,Low
35,819,1182,44,3,10274,19588,2,18,3,15,2,4,7,7,6,4,Low
34,669,1184,97,2,5343,25755,0,20,4,14,3,3,13,9,4,9,Low
35,636,1185,47,1,2376,26537,1,13,3,2,2,4,2,2,2,2,Low
43,1372,1188,85,2,5346,9489,8,13,3,7,2,2,4,3,1,3,high
32,862,1190,76,1,2827,14947,1,12,3,1,3,3,1,0,0,0,Low
56,718,1191,92,5,19943,18575,4,13,3,28,2,3,5,2,4,2,Low
29,1401,1192,54,1,3131,26342,1,13,3,10,5,3,10,8,0,8,Low
19,645,1193,54,1,2552,7172,1,25,4,1,4,3,1,1,0,0,Low
45,1457,1195,83,1,4477,20100,4,19,3,7,2,2,3,2,0,2,Low
37,977,1196,56,2,6474,9961,1,13,3,14,2,2,14,8,3,11,Low
20,805,1198,87,1,3033,12828,1,12,3,2,2,2,2,2,1,2,Low
44,1097,1200,96,1,2936,10826,1,11,3,6,4,3,6,4,0,2,high
53,1223,1201,50,5,18606,18640,3,18,3,26,6,3,7,7,4,7,Low
29,942,1202,69,1,2168,26933,0,18,3,6,2,2,5,4,1,3,Low
22,1256,1203,48,1,2853,4223,0,11,3,1,5,3,0,0,0,0,high
46,1402,1204,69,4,17048,24097,8,23,4,28,2,3,26,15,15,9,Low
44,111,1206,74,1,2290,4279,2,13,3,6,3,3,0,0,0,0,Low
33,147,1207,99,1,3600,8429,1,13,3,5,2,3,5,4,1,4,Low
41,906,1210,95,1,2107,20293,6,17,3,5,2,1,1,0,0,0,high
30,1329,1211,61,2,4115,13192,8,19,3,8,3,3,4,3,0,3,Low
40,1184,1212,62,2,4327,25440,5,12,3,5,2,3,0,0,0,0,Low
50,1421,1215,30,4,17856,9490,2,22,4,32,3,3,2,2,2,2,Low
28,1179,1216,78,1,3196,12449,1,12,3,6,2,3,6,5,3,3,Low
46,1450,1217,52,5,19081,10849,5,11,3,25,2,3,4,2,0,3,Low
35,1361,1218,94,2,8966,21026,3,15,3,15,2,3,7,7,1,7,Low
24,984,1219,97,1,2210,3372,1,13,3,1,3,1,1,0,0,0,high
33,1146,1220,82,2,4539,4905,1,12,3,10,3,2,10,7,0,1,Low
36,917,1221,60,1,2741,6865,1,14,3,7,4,3,7,7,1,7,Low
30,853,1224,49,2,3491,11309,1,13,3,10,4,2,10,7,8,9,Low
44,200,1225,32,2,4541,7744,1,25,4,20,3,3,20,11,13,17,Low
20,654,1226,43,1,2678,5050,1,17,3,2,2,3,2,1,2,2,Low
46,150,1228,60,2,7379,17433,2,11,3,12,3,2,6,3,1,4,Low
42,179,1231,79,2,6272,12858,7,16,3,10,3,4,4,3,0,3,Low
60,696,1233,52,2,5220,10893,0,18,3,12,3,3,11,7,1,9,Low
32,116,1234,77,1,2743,7331,1,20,4,2,2,3,2,2,2,2,Low
32,1316,1235,38,2,4998,2338,4,14,3,10,2,3,8,7,0,7,Low
36,363,1237,77,3,10252,4235,2,21,4,17,2,3,7,7,7,7,Low
33,117,1238,60,1,2781,6311,0,13,3,15,5,3,14,10,4,10,Low
40,107,1239,84,2,6852,11591,7,12,3,7,2,4,5,1,1,3,Low
25,1356,1240,57,2,4950,20623,0,14,3,5,4,3,4,3,1,1,Low
30,1465,1241,63,1,3579,9369,0,21,4,12,2,3,11,9,5,7,Low
42,458,1242,60,3,13191,23281,3,17,3,20,6,3,1,0,0,0,Low
35,1212,1243,78,3,10377,13755,4,11,3,16,6,2,13,2,4,12,Low
27,1103,1244,42,1,2235,14377,1,14,3,9,3,2,9,7,6,8,Low
54,966,1245,53,3,10502,9659,7,17,3,33,2,1,5,4,1,4,Low
44,1117,1246,72,1,2011,19982,1,13,3,10,5,3,10,5,7,7,Low
19,504,1248,96,1,1859,6148,1,25,4,1,2,4,1,1,0,0,high
29,1010,1249,97,1,3760,5598,1,15,3,3,5,3,3,2,1,2,Low
54,685,1250,85,4,17779,23474,3,14,3,36,2,3,10,9,0,9,Low
31,1332,1251,80,2,6833,17089,1,12,3,6,2,2,6,5,0,1,Low
31,1062,1252,96,2,6812,17198,1,19,3,10,2,3,10,9,1,8,Low
59,326,1254,48,2,5171,16490,5,17,3,13,2,3,6,1,0,5,Low
43,920,1255,96,5,19740,18625,3,14,3,25,2,3,8,7,0,7,Low
49,1098,1256,85,5,18711,12124,2,13,3,23,2,4,1,0,0,0,Low
36,469,1257,46,1,3692,9256,1,12,3,12,2,2,11,10,0,7,Low
48,969,1258,76,1,2559,16620,5,11,3,7,4,2,1,0,0,0,Low
27,1167,1259,76,1,2517,3208,1,11,3,5,2,3,5,3,0,3,Low
29,1329,1260,82,2,6623,4204,1,11,3,6,2,3,6,0,1,0,Low
48,715,1263,76,5,18265,8733,6,12,3,25,3,4,1,0,0,0,Low
29,694,1264,87,4,16124,3423,3,14,3,9,2,2,7,7,1,7,Low
34,1320,1265,89,1,2585,21643,0,17,3,2,5,2,1,0,0,0,Low
44,1099,1267,88,5,18213,8751,7,11,3,26,5,3,22,9,3,10,Low
33,536,1268,82,3,8380,21708,0,14,3,10,3,3,9,8,0,8,Low
19,265,1269,57,1,2994,21221,1,12,3,1,2,3,1,0,0,1,Low
23,373,1270,47,1,1223,16901,1,22,4,1,2,3,1,0,0,1,Low
25,599,1273,73,1,1118,8040,1,14,3,1,4,3,1,0,1,0,high
26,583,1275,53,1,2875,9973,1,20,4,8,2,2,8,5,2,2,Low
45,1449,1277,94,5,18824,2493,2,16,3,26,2,3,24,10,1,11,high
55,177,1278,37,4,13577,25592,1,15,3,34,3,3,33,9,15,0,Low
21,251,1279,45,1,2625,25308,1,20,4,2,2,1,2,2,2,2,high
46,168,1280,33,5,18789,9946,2,14,3,26,2,3,11,4,0,8,Low
34,131,1281,86,2,4538,6039,0,12,3,4,3,3,3,2,0,2,Low
51,237,1282,83,5,19847,19196,4,24,4,31,5,2,29,10,11,10,Low
59,1429,1283,67,3,10512,20002,6,12,3,25,6,2,9,7,5,4,Low
34,135,1285,46,2,4444,22534,4,13,3,15,2,4,11,8,5,10,Low
28,791,1286,44,1,2154,6842,0,11,3,5,2,2,4,2,0,2,Low
44,1199,1288,92,5,19190,17477,1,14,3,26,4,2,25,9,14,13,Low
34,648,1289,56,2,4490,21833,4,11,3,14,5,4,10,9,1,8,Low
35,735,1291,66,1,3506,6020,0,14,3,4,3,3,3,2,2,2,Low
42,603,1292,78,2,2372,5628,6,16,3,18,2,3,1,0,0,0,Low
43,531,1293,56,3,10231,20364,3,14,3,23,3,4,21,7,15,17,Low
36,429,1294,53,2,5410,2323,9,11,3,18,2,3,16,14,5,12,Low
44,621,1295,73,3,7978,14075,1,11,3,10,2,3,10,7,0,5,high
28,193,1296,52,1,3867,14222,1,12,3,2,2,3,2,2,2,2,Low
51,968,1297,40,1,2838,4257,0,14,3,8,6,2,7,0,7,7,Low
30,879,1298,72,2,4695,12858,7,18,3,10,3,3,8,4,1,7,Low
29,806,1299,39,1,3339,17285,3,13,3,10,2,3,7,7,7,7,high
28,640,1301,84,1,2080,4732,2,11,3,5,2,2,3,2,1,2,Low
25,266,1303,40,1,2096,18830,1,18,3,2,3,2,2,2,2,1,Low
32,604,1304,56,2,6209,11693,1,15,3,10,4,4,10,7,0,8,Low
45,364,1306,83,5,18061,13035,3,22,4,22,4,3,0,0,0,0,Low
39,412,1307,94,4,17123,17334,6,13,3,21,4,3,19,9,15,2,Low
58,848,1308,88,1,2372,26076,1,12,3,2,3,3,2,2,2,2,Low
32,1089,1309,79,2,4883,22845,1,18,3,10,3,3,10,4,1,1,high
39,360,1310,93,1,3904,22154,0,13,3,6,2,3,5,2,0,3,high
30,1138,1311,48,2,4627,23631,0,12,3,10,6,3,9,2,6,7,Low
36,325,1312,63,3,7094,5747,3,12,3,10,0,3,7,7,1,7,Low
46,991,1314,44,1,3423,22957,6,12,3,10,3,4,7,6,5,7,Low
28,1476,1315,55,2,6674,16392,0,11,3,10,6,3,9,8,7,5,Low
50,1322,1317,43,4,16880,22422,4,11,3,25,2,3,3,2,1,2,Low
40,299,1318,57,3,9094,17235,2,12,3,9,2,3,5,4,1,0,high
52,1030,1319,64,3,8446,21534,9,19,3,10,2,2,8,7,7,7,high
30,634,1321,95,3,11916,25927,1,23,4,9,2,3,9,1,0,8,Low
39,524,1322,32,2,4534,13352,0,11,3,9,6,3,8,7,1,7,Low
31,587,1324,57,3,9852,8935,1,19,3,10,5,2,10,8,9,6,Low
41,256,1329,40,2,6151,22074,1,13,3,19,4,3,19,2,11,9,Low
31,1060,1331,54,1,2302,8319,1,11,3,3,2,4,3,2,2,2,high
44,935,1333,89,1,2362,14669,4,12,3,10,4,4,3,2,1,2,high
42,495,1334,37,4,17861,26582,0,13,3,21,3,2,20,8,2,10,Low
55,282,1336,58,5,19187,6992,4,14,3,23,5,3,19,9,9,11,Low
56,206,1338,99,5,19717,4022,6,14,3,36,4,3,7,3,7,7,Low
40,458,1340,74,1,3544,8532,9,16,3,6,0,3,4,2,0,0,Low
34,943,1344,86,3,8500,5494,0,11,3,10,0,2,9,7,1,6,Low
40,523,1346,98,2,4661,22455,1,13,3,9,4,3,9,8,8,8,Low
41,1018,1349,66,2,4103,4297,0,17,3,10,2,3,9,3,1,7,Low
35,482,1350,87,2,4249,2690,1,11,3,9,3,3,9,6,1,1,Low
51,770,1352,84,4,14026,17588,1,11,3,33,2,3,33,9,0,10,Low
38,1009,1355,31,2,6893,19461,3,15,3,11,3,3,7,7,1,7,Low
34,507,1356,66,2,6125,23553,1,12,3,10,6,4,10,8,9,6,Low
25,882,1358,67,1,3669,9075,3,11,3,7,6,2,3,2,1,2,Low
58,601,1360,53,3,10008,12023,7,14,3,31,0,2,10,9,5,9,high
40,329,1361,88,1,2387,6762,3,22,4,7,3,3,4,2,0,3,Low
36,607,1362,83,2,4639,2261,2,16,3,17,2,2,15,7,6,13,Low
48,855,1363,54,3,7898,18706,1,11,3,11,2,3,10,9,0,8,Low
27,1291,1364,98,1,2534,6527,8,14,3,5,4,3,1,0,0,0,Low
51,1405,1367,82,4,13142,24439,3,16,3,29,1,2,5,2,0,3,Low
18,1124,1368,97,1,1611,19305,1,15,3,0,5,4,0,0,0,0,Low
35,817,1369,60,2,5363,10846,0,12,3,10,0,3,9,7,0,0,Low
27,793,1371,43,2,5071,20392,3,20,4,8,3,3,6,2,0,0,Low
55,267,1372,85,4,13695,9277,6,17,3,24,2,2,19,7,3,8,high
56,1369,1373,68,4,13402,18235,4,12,3,33,0,3,19,16,15,9,Low
34,999,1374,92,1,2029,15891,1,20,4,5,2,3,5,4,0,0,Low
40,1202,1375,89,2,6377,13888,5,20,4,15,0,3,12,11,11,8,Low
34,285,1377,86,2,5429,17491,4,13,3,10,1,3,8,7,7,7,Low
31,703,1379,90,1,2785,11882,7,14,3,3,3,4,1,0,0,0,high
35,662,1380,67,2,4614,23288,0,18,3,5,0,2,4,2,3,2,high
38,693,1382,57,1,2610,15748,1,11,3,4,2,3,4,2,0,3,Low
34,404,1383,98,2,6687,6163,1,11,3,14,2,4,14,11,4,11,Low
28,736,1387,48,2,4724,24232,1,11,3,5,0,3,5,3,0,4,Low
31,330,1389,98,2,6179,21057,1,15,3,10,3,2,10,2,6,7,high
39,1498,1390,44,2,6120,3567,3,12,3,8,2,4,5,4,1,4,Low
51,541,1391,52,3,10596,15395,2,11,3,14,5,3,4,2,3,2,Low
41,1200,1392,75,2,5467,13953,3,14,3,12,4,2,6,2,3,3,Low
37,1439,1394,54,1,2996,5182,7,15,3,8,2,3,6,4,1,3,Low
33,1111,1395,61,2,9998,19293,6,13,3,8,2,4,5,4,1,2,Low
32,499,1396,36,2,4078,20497,0,13,3,4,3,2,3,2,1,2,Low
39,1485,1397,71,3,10920,3449,3,21,4,13,2,3,6,4,0,5,Low
25,1372,1399,93,2,6232,12477,2,11,3,6,3,2,3,2,1,2,Low
52,322,1401,59,4,13247,9731,2,11,3,24,3,2,5,3,0,2,Low
43,930,1402,73,2,4081,20003,1,14,3,20,3,1,20,7,1,8,Low
27,205,1403,98,2,5769,7100,1,11,3,6,3,3,6,2,4,4,Low
27,135,1405,51,1,2394,25681,1,13,3,8,2,3,8,2,7,7,high
26,683,1407,36,1,3904,4050,0,12,3,5,2,3,4,3,1,1,Low
42,1147,1408,31,4,16799,16616,0,14,3,21,5,3,20,7,0,9,Low
52,258,1409,54,1,2950,17363,9,13,3,12,2,1,5,4,0,4,Low
37,1462,1411,94,1,3629,19106,4,18,3,8,6,3,3,2,0,2,Low
35,200,1412,60,3,9362,19944,2,11,3,10,2,3,2,2,2,2,Low
25,949,1415,81,1,3229,4910,4,11,3,7,2,2,3,2,0,2,Low
26,652,1417,100,1,3578,23577,0,12,3,8,2,3,7,7,0,7,Low
29,332,1419,51,3,7988,9769,1,13,3,10,3,2,10,9,0,9,Low
49,1475,1420,97,2,4284,22710,3,20,4,20,2,3,4,3,1,3,high
29,337,1421,84,3,7553,22930,0,12,3,9,1,3,8,7,7,7,high
54,971,1422,54,4,17328,5652,6,19,3,29,3,2,20,7,12,7,Low
58,1055,1423,76,5,19701,22456,3,21,4,32,3,3,9,8,1,5,Low
55,1136,1424,81,4,14732,12414,2,13,3,31,4,4,7,7,0,0,Low
36,1174,1425,99,2,9278,20763,3,16,3,15,3,3,5,4,0,1,Low
31,667,1427,50,1,1359,16154,1,12,3,1,3,3,1,0,0,0,high
30,855,1428,73,2,4779,12761,7,14,3,8,3,3,3,2,0,2,Low
31,182,1430,93,4,16422,8847,3,11,3,9,3,4,3,2,1,0,Low
34,560,1431,91,1,2996,20284,5,14,3,10,2,3,4,3,1,3,Low
31,202,1433,34,1,1261,22262,1,12,3,1,3,4,1,0,0,0,high
27,1377,1434,91,1,2099,7679,0,14,3,6,3,4,5,0,1,4,Low
36,172,1435,37,2,5810,22604,1,16,3,10,2,2,10,4,1,8,Low
36,329,1436,98,2,5647,13494,4,13,3,11,3,2,3,2,0,2,Low
47,465,1438,74,1,3420,10205,7,12,3,17,2,2,6,5,1,2,Low
25,383,1439,68,1,4400,15182,3,12,3,6,2,3,3,2,2,2,high
37,1413,1440,84,1,3500,25470,0,14,3,7,2,1,6,5,1,3,Low
56,1255,1441,90,1,2066,10494,2,22,4,5,3,4,3,2,1,0,Low
47,359,1443,82,4,17169,26703,3,19,3,26,2,4,20,17,5,6,Low
24,1476,1445,42,2,4162,15211,1,12,3,5,3,3,5,4,0,3,Low
32,601,1446,97,2,9204,23343,4,12,3,7,3,2,4,3,0,3,Low
34,401,1447,86,1,3294,3708,5,17,3,7,2,2,5,4,0,2,Low
41,1283,1448,90,1,2127,5561,2,12,3,7,5,2,4,2,0,3,Low
40,663,1449,81,2,3975,23099,3,11,3,11,2,4,8,7,0,7,Low
31,326,1453,31,3,10793,8386,1,18,3,13,5,3,13,7,9,9,Low
46,377,1457,52,3,10096,15986,4,11,3,28,1,4,7,7,4,3,high
39,592,1458,54,1,3646,17181,2,23,4,11,2,4,1,0,0,0,high
31,1445,1459,100,3,7446,8931,1,11,3,10,2,3,10,8,4,7,high
45,1038,1460,95,3,10851,19863,2,18,3,24,2,3,7,7,0,7,Low
31,1398,1461,96,1,2109,24609,9,18,3,8,3,3,3,2,0,2,Low
31,523,1464,94,1,3722,21081,6,13,3,7,2,1,2,2,2,2,high
45,1448,1465,55,3,9380,14720,4,18,3,10,4,4,3,1,1,2,Low
48,1221,1466,96,2,5486,24795,4,11,3,15,3,3,2,2,2,2,Low
34,1107,1467,52,1,2742,3072,1,15,3,2,0,3,2,2,2,2,high
40,218,1468,55,3,13757,25178,2,11,3,16,5,3,9,8,4,8,Low
28,866,1469,84,2,8463,23490,0,18,3,6,4,3,5,4,1,3,Low
44,981,1471,90,1,3162,7973,3,14,3,7,5,3,5,2,0,3,Low
53,447,1472,39,4,16598,19764,4,12,3,35,2,2,9,8,8,8,Low
49,1495,1473,96,2,6651,21534,2,14,3,20,0,2,3,2,1,2,Low
40,896,1474,68,1,2345,8045,2,14,3,8,3,4,3,1,1,2,Low
44,1467,1475,49,1,3420,21158,1,13,3,6,3,2,5,2,1,3,Low
33,430,1477,54,2,4373,17456,0,14,3,5,2,3,4,3,0,3,Low
34,1326,1478,81,2,4759,15891,3,18,3,15,2,3,13,9,3,12,Low
30,1358,1479,96,2,5301,2939,8,15,3,4,2,2,2,1,2,2,Low
42,748,1480,74,1,3673,16458,1,13,3,12,3,3,12,9,5,8,Low
44,383,1481,79,2,4768,9282,7,12,3,11,4,2,1,0,0,0,Low
30,990,1482,64,1,1274,7152,1,13,3,1,2,2,1,0,0,0,Low
57,405,1483,93,2,4900,2721,0,24,4,13,2,2,12,9,2,8,Low
49,1490,1484,35,3,10466,20948,3,14,3,29,3,3,8,7,0,7,Low
34,829,1485,71,4,17007,11929,7,14,3,16,3,2,14,8,6,9,Low
28,1496,1486,92,1,2909,15747,3,15,3,5,3,4,3,2,1,2,high
29,115,1487,51,2,5765,17485,5,11,3,7,4,1,5,3,0,0,high
34,790,1489,40,2,4599,7815,0,23,4,16,2,4,15,9,10,10,high
35,660,1492,76,1,2404,16192,1,13,3,1,3,3,1,0,0,0,Low
24,381,1494,89,1,3172,16998,2,11,3,4,2,2,0,0,0,0,high
24,830,1495,78,1,2033,7103,1,13,3,1,2,3,1,0,0,0,Low
44,1193,1496,86,3,10209,19719,5,18,3,16,2,2,2,2,2,2,Low
29,1246,1497,77,2,8620,23757,1,14,3,10,3,3,10,7,0,4,Low
30,330,1499,46,1,2064,15428,0,21,4,6,3,4,5,3,1,3,Low
55,1229,1501,30,2,4035,16143,0,16,3,4,2,3,3,2,1,2,Low
33,1099,1502,82,1,3838,8192,8,11,3,8,5,3,5,4,0,2,Low
47,571,1503,78,2,4591,24200,3,17,3,11,4,2,5,4,1,2,Low
28,289,1504,38,1,2561,5355,7,11,3,8,2,2,0,0,0,0,high
28,1423,1506,72,1,1563,12530,1,14,3,1,2,1,1,0,0,0,Low
28,467,1507,55,2,4898,11827,0,14,3,5,5,3,4,2,1,3,Low
49,271,1509,43,2,4789,23070,4,25,4,10,3,3,3,2,1,2,Low
29,410,1513,97,1,3180,4668,0,13,3,4,3,3,3,2,0,2,Low
28,1083,1514,96,2,6549,3173,1,14,3,8,2,2,8,6,1,7,Low
33,516,1515,69,2,6388,22049,2,17,3,14,6,3,0,0,0,0,Low
32,495,1516,64,3,11244,21072,2,25,4,10,5,4,5,2,0,0,Low
54,1050,1520,87,4,16032,24456,3,20,4,26,2,3,14,9,1,12,Low
29,224,1522,100,1,2362,7568,6,13,3,11,2,1,9,7,0,7,high
44,136,1523,32,4,16328,22074,3,13,3,24,1,4,20,6,14,17,Low
39,1089,1525,32,3,8376,9150,4,18,3,9,3,3,2,0,2,2,Low
46,228,1527,51,4,16606,11380,8,12,3,23,2,4,13,12,5,1,Low
35,1029,1529,91,3,8606,21195,1,19,3,11,3,1,11,8,3,3,Low
23,507,1533,97,2,2272,24812,0,14,3,5,2,3,4,3,1,2,Low
40,676,1534,86,1,2018,21831,3,14,3,15,3,1,5,4,1,0,high
34,971,1535,64,3,7083,12288,1,14,3,10,3,3,10,9,8,6,Low
31,561,1537,33,1,4084,4156,1,12,3,7,2,1,7,2,7,7,high
50,333,1539,88,4,14411,24450,1,13,3,32,2,3,32,6,13,9,Low
34,1440,1541,55,1,2308,4944,0,25,4,12,4,3,11,10,5,7,Low
42,1210,1542,68,1,4841,24052,4,14,3,4,3,3,1,0,0,0,Low
37,674,1543,47,2,4285,3031,1,17,3,10,2,3,10,8,3,7,Low
29,441,1544,39,2,9715,7288,3,13,3,9,3,3,7,7,0,7,Low
33,575,1545,44,2,4320,24152,1,13,3,5,2,3,5,3,0,2,Low
45,950,1546,97,1,2132,4585,4,20,4,8,3,3,5,4,0,3,Low
42,288,1547,40,3,10124,18611,2,14,3,24,3,1,20,8,13,9,Low
40,1342,1548,47,2,5473,19345,0,12,3,9,5,4,8,4,7,1,Low
33,589,1549,79,2,5207,22949,1,12,3,15,3,3,15,14,5,7,Low
40,898,1550,38,4,16437,17381,1,21,4,21,2,3,21,7,7,7,Low
24,350,1551,57,1,2296,10036,0,14,3,2,3,3,1,1,0,0,Low
40,1142,1552,72,2,4069,8841,3,18,3,8,2,3,2,2,2,2,Low
45,538,1553,66,3,7441,20933,1,12,3,10,4,3,10,8,7,7,Low
35,1402,1554,98,1,2430,26204,0,23,4,6,5,3,5,3,4,2,Low
32,824,1555,67,2,5878,15624,3,12,3,12,2,3,7,1,2,5,Low
36,1157,1556,70,1,2644,17001,3,21,4,7,3,2,3,2,1,2,Low
48,492,1557,96,2,6439,13693,8,14,3,18,2,3,8,7,7,7,Low
29,598,1558,91,1,2451,22376,6,18,3,5,2,2,1,0,0,0,Low
33,1242,1560,46,2,6392,10589,2,13,3,8,6,1,2,2,2,2,Low
30,740,1562,64,2,9714,5323,1,11,3,10,4,3,10,8,6,7,high
38,888,1563,71,2,6077,14814,3,11,3,10,2,3,6,3,1,2,Low
35,992,1564,68,1,2450,21731,1,19,3,3,3,3,3,0,1,2,Low
30,1288,1568,33,3,9250,17799,3,12,3,9,3,3,4,2,1,3,Low
35,104,1569,69,1,2074,26619,1,12,3,1,2,3,1,0,0,0,high
53,607,1572,78,3,10169,14618,0,16,3,34,4,3,33,7,1,9,high
38,903,1573,81,2,4855,7653,4,11,3,7,2,3,5,2,1,4,high
32,1200,1574,62,2,4087,25174,4,14,3,9,3,2,6,5,1,2,Low
48,1108,1576,65,1,2367,16530,8,12,3,10,3,2,8,2,7,6,Low
34,479,1577,35,1,2972,22061,1,13,3,1,4,1,1,0,0,0,Low
55,685,1578,60,5,19586,23037,1,21,4,36,3,3,36,6,2,13,Low
34,1351,1580,45,2,5484,13008,9,17,3,9,3,2,2,2,2,1,Low
26,474,1581,89,1,2061,11133,1,21,4,1,5,3,1,0,0,0,Low
38,1245,1582,80,2,9924,12355,0,11,3,10,3,3,9,8,7,7,Low
38,437,1583,90,2,4198,16379,2,12,3,8,5,4,3,2,1,2,Low
36,884,1585,73,2,6815,21447,6,13,3,15,5,3,1,0,0,0,Low
29,1370,1586,87,1,4723,16213,1,18,3,10,3,3,10,9,1,5,Low
35,670,1587,51,2,6142,4223,3,16,3,10,4,3,5,2,0,4,Low
39,1462,1588,38,3,8237,4658,2,11,3,11,3,3,7,6,7,6,Low
29,995,1590,87,2,8853,24483,1,19,3,6,0,4,6,4,1,3,Low
50,264,1591,59,5,19331,19519,4,16,3,27,2,3,1,0,0,0,Low
23,977,1592,45,1,2073,12826,2,16,3,4,2,3,2,2,2,2,Low
36,1302,1594,80,2,5562,19711,3,13,3,9,3,3,3,2,0,2,Low
42,1059,1595,93,5,19613,26362,8,22,4,24,2,3,1,0,0,1,Low
35,750,1596,46,2,3407,25348,1,17,3,10,3,2,10,9,6,8,Low
34,653,1597,92,2,5063,15332,1,14,3,8,3,2,8,2,7,7,Low
40,118,1598,84,2,4639,11262,1,15,3,5,2,3,5,4,1,2,Low
43,990,1599,87,1,4876,5855,5,12,3,8,0,3,6,4,0,2,Low
35,1349,1601,63,1,2690,7713,1,18,3,1,5,2,1,0,0,1,Low
46,563,1602,56,4,17567,3156,1,15,3,27,5,1,26,0,0,12,Low
28,329,1604,51,1,2408,7324,1,17,3,1,3,3,1,1,0,0,high
22,457,1605,85,1,2814,10293,1,14,3,4,2,2,4,2,1,3,Low
50,1234,1606,41,4,11245,20689,2,15,3,32,3,3,30,8,12,13,Low
32,634,1607,35,1,3312,18783,3,17,3,6,3,3,3,2,0,2,Low
44,1313,1608,31,5,19049,3549,0,14,3,23,4,2,22,7,1,10,Low
30,241,1609,48,1,2141,5348,1,12,3,6,3,2,6,4,1,1,Low
45,1015,1611,50,2,5769,23447,1,14,3,10,3,3,10,7,1,4,Low
45,336,1612,52,2,4385,24162,1,15,3,10,2,3,10,7,4,5,Low
31,715,1613,54,2,5332,21602,7,13,3,10,3,3,5,2,0,3,Low
36,559,1614,76,2,4663,12421,9,12,3,7,2,3,3,2,1,1,Low
34,426,1615,42,2,4724,17000,1,13,3,9,3,3,9,7,7,2,Low
49,722,1617,84,1,3211,22102,1,14,3,10,3,2,9,6,1,4,Low
39,1387,1618,76,2,5377,3835,2,13,3,10,3,3,7,7,7,7,Low
27,1302,1619,67,1,4066,16290,1,11,3,7,3,3,7,7,0,7,Low
35,819,1621,48,2,5208,26312,1,11,3,16,2,3,16,15,1,10,Low
28,580,1622,39,2,4877,20460,0,21,4,6,5,2,5,3,0,0,Low
21,546,1623,97,1,3117,26009,1,18,3,3,2,3,2,2,2,2,Low
18,544,1624,70,1,1569,18420,1,12,3,0,2,4,0,0,0,0,high
47,1176,1625,98,5,19658,5220,3,11,3,27,2,3,5,2,1,0,Low
39,170,1627,76,2,3069,10302,0,15,3,11,3,3,10,8,0,7,Low
40,884,1628,80,3,10435,25800,1,13,3,18,2,3,18,15,14,12,Low
35,208,1630,52,2,4148,12250,1,12,3,15,5,3,14,11,2,9,Low
37,671,1631,85,2,5768,26493,3,17,3,9,2,2,4,3,0,2,Low
39,711,1633,81,2,5042,3140,0,13,3,10,2,1,9,2,3,8,Low
45,1329,1635,59,2,5770,5388,1,19,3,10,3,3,10,7,3,9,Low
38,397,1638,54,3,7756,14199,3,19,3,10,6,4,5,4,0,2,Low
35,737,1639,55,3,10306,21530,9,17,3,15,3,3,13,12,6,0,high
37,1470,1640,71,1,3936,9953,1,11,3,8,2,1,8,4,7,7,Low
40,448,1641,84,3,7945,19948,6,15,3,18,2,2,4,2,3,3,Low
44,602,1642,37,2,5743,10503,4,11,3,14,3,3,10,7,0,2,Low
48,365,1644,89,4,15202,5602,2,25,4,23,3,3,2,2,2,2,Low
35,763,1645,59,2,5440,22098,6,14,3,7,2,2,2,2,2,2,high
24,567,1646,32,1,3760,17218,1,13,3,6,2,3,6,3,1,3,Low
27,486,1647,86,1,3517,22490,7,17,3,5,0,3,3,2,0,2,Low
27,591,1648,87,1,2580,6297,2,13,3,6,0,2,4,2,1,2,Low
40,1329,1649,73,1,2166,3339,3,14,3,10,3,1,4,2,0,3,high
29,469,1650,42,2,5869,23413,9,11,3,8,2,3,5,2,1,4,Low
36,711,1651,42,3,8008,22792,4,12,3,9,6,3,3,2,0,2,Low
25,772,1653,77,2,5206,4973,1,17,3,7,6,3,7,7,0,7,Low
39,492,1654,66,2,5295,7693,4,21,4,7,3,3,5,4,1,0,Low
49,301,1655,72,4,16413,3498,3,16,3,27,2,3,4,2,1,2,Low
50,813,1656,50,3,13269,21981,5,15,3,19,3,3,14,11,1,11,Low
20,1141,1657,31,1,2783,13251,1,19,3,2,3,3,2,2,2,2,Low
34,1130,1658,66,2,5433,19332,1,12,3,11,2,3,11,8,7,9,Low
36,311,1659,77,1,2013,10950,2,11,3,15,4,3,4,3,1,3,Low
49,465,1661,41,4,13966,11652,2,19,3,30,3,3,15,11,2,12,Low
36,894,1662,33,2,4374,15411,0,15,3,4,6,3,3,2,1,2,Low
36,1040,1664,79,2,6842,26308,6,20,4,13,3,3,5,4,0,4,Low
54,584,1665,91,4,17426,18685,3,25,4,36,6,3,10,8,4,7,Low
43,1291,1666,65,4,17603,3525,1,24,4,14,3,3,14,10,6,11,Low
35,880,1667,36,2,4581,10414,3,24,4,13,2,4,11,9,6,7,high
38,1189,1668,90,2,4735,9867,7,15,3,19,4,4,13,11,2,9,Low
29,991,1669,43,2,4187,3356,1,13,3,10,3,2,10,0,0,9,Low
33,392,1670,93,2,5505,3921,1,14,3,6,5,3,6,2,0,4,Low
32,977,1671,45,2,5470,25518,0,13,3,10,4,2,9,5,1,6,Low
31,1112,1673,67,2,5476,22589,1,11,3,10,2,3,10,0,0,2,Low
49,464,1674,74,1,2587,24941,4,16,3,17,2,2,2,2,2,2,Low
38,148,1675,42,1,2440,23826,1,22,4,4,3,3,4,3,3,3,Low
47,1225,1676,47,4,15972,21086,6,14,3,29,2,3,3,2,1,2,Low
49,809,1677,36,4,15379,22384,4,14,3,23,2,3,8,7,0,0,Low
41,1206,1678,80,3,7082,11591,3,16,3,21,2,3,2,0,0,2,Low
20,727,1680,54,1,2728,21082,1,11,3,2,3,3,2,2,0,2,Low
33,530,1681,36,2,5368,16130,1,25,4,7,2,3,6,5,1,2,Low
36,1351,1682,80,2,5347,7419,6,14,3,10,2,2,3,2,0,2,Low
44,528,1683,44,1,3195,4167,4,18,3,8,2,3,2,2,2,2,Low
23,1320,1684,93,1,3989,20586,1,11,3,5,2,3,5,4,1,2,high
38,1495,1687,87,1,3306,26176,7,19,3,7,5,2,0,0,0,0,Low
53,1395,1689,48,3,7005,3458,3,15,3,11,2,3,4,3,1,2,Low
48,708,1691,95,1,2655,11740,2,11,3,19,3,3,9,7,7,7,high
32,1259,1692,95,1,1393,24852,1,12,3,1,2,3,1,0,0,0,high
26,786,1693,76,1,2570,11925,1,20,4,7,5,3,7,7,5,7,Low
55,1441,1694,94,1,3537,23737,5,12,3,8,1,3,4,2,1,2,Low
34,1157,1696,57,2,3986,11912,1,14,3,15,3,4,15,10,4,13,Low
60,370,1697,92,3,10883,20467,3,20,4,19,2,4,1,0,0,0,Low
33,267,1698,79,1,2028,13637,1,18,3,14,6,3,14,11,2,13,Low
37,1278,1700,31,2,9525,7677,1,14,3,6,2,2,6,3,1,3,Low
34,678,1701,35,1,2929,20338,1,12,3,10,3,3,10,9,8,7,Low
23,427,1702,99,1,2275,25103,1,21,4,3,2,3,3,2,0,2,high
44,921,1703,96,3,7879,14810,1,19,3,9,2,3,8,7,6,7,Low
35,146,1704,79,1,4930,13970,0,14,3,6,2,4,5,4,1,4,Low
43,1179,1706,73,2,7847,6069,1,17,3,10,3,3,10,9,8,8,Low
24,581,1707,62,1,4401,17616,1,16,3,5,1,3,5,3,0,4,Low
41,918,1708,35,3,9241,15869,1,12,3,10,3,3,10,8,8,7,Low
29,1082,1709,43,1,2974,25412,9,17,3,9,2,3,5,3,1,2,Low
36,530,1710,51,2,4502,7439,3,15,3,17,2,2,13,7,6,7,Low
45,1238,1712,74,3,10748,3395,3,23,4,25,3,2,23,15,14,4,Low
24,240,1714,58,1,1555,11585,1,11,3,1,2,3,1,0,0,0,high
47,1093,1716,82,4,12936,24164,7,11,3,25,3,1,23,5,14,10,high
26,390,1718,62,1,2305,6217,1,15,3,3,3,4,3,2,0,2,Low
45,1005,1719,48,4,16704,17119,1,11,3,21,2,3,21,6,8,6,Low
32,585,1720,56,1,3433,17360,6,13,3,10,3,2,5,2,1,3,Low
31,741,1721,69,1,3477,18103,1,14,3,6,2,4,5,2,0,3,Low
41,552,1722,60,2,6430,20794,6,19,3,10,4,3,3,2,1,2,Low
40,369,1724,92,2,6516,5041,2,16,3,18,3,3,1,0,0,0,Low
24,506,1725,91,1,3907,3622,1,13,3,6,2,4,6,2,1,2,Low
46,717,1727,34,2,5562,9697,6,14,3,19,3,3,10,7,0,9,Low
35,1370,1728,49,2,6883,5151,2,16,3,17,3,3,7,7,0,7,Low
30,793,1729,33,1,2862,3811,1,12,3,10,2,2,10,0,0,8,Low
47,543,1731,87,2,4978,3536,7,11,3,4,3,1,1,0,0,0,Low
46,1277,1732,74,3,10368,5596,4,12,3,13,5,2,10,6,0,3,Low
36,1456,1733,96,2,6134,8658,5,13,3,16,3,3,2,2,2,2,high
32,964,1734,34,2,6735,12147,6,15,3,10,2,3,0,0,0,0,high
23,160,1735,51,1,3295,12862,1,13,3,3,3,1,3,2,1,2,Low
31,163,1736,30,2,5238,6670,2,20,4,9,3,2,5,4,1,4,Low
39,792,1737,77,2,6472,8989,1,15,3,9,2,3,9,8,5,8,Low
32,371,1739,80,3,9610,3840,3,13,3,10,2,1,4,3,0,2,Low
40,611,1740,88,5,19833,4349,1,14,3,21,3,2,21,8,12,8,Low
45,176,1744,56,3,9756,6595,4,21,4,9,2,4,5,0,0,3,Low
30,1312,1745,78,1,4968,26427,0,16,3,10,2,3,9,7,0,7,Low
24,897,1746,59,1,2145,2097,0,14,3,3,2,3,2,2,2,1,Low
30,600,1747,66,1,2180,9732,6,11,3,6,0,2,4,2,1,2,high
31,1003,1749,51,2,8346,20943,1,19,3,6,3,3,5,2,0,2,Low
27,1054,1751,67,1,3445,6152,1,11,3,6,5,2,6,2,1,4,Low
29,428,1752,52,1,2760,14630,1,13,3,2,3,3,2,2,2,2,high
29,461,1753,70,2,6294,23060,8,12,3,10,5,4,3,2,0,2,Low
30,979,1754,94,3,7140,3088,2,11,3,12,2,3,7,7,1,7,Low
34,181,1755,97,1,2932,5586,0,14,3,6,3,3,5,0,1,2,Low
33,1283,1756,62,2,5147,10697,8,15,3,13,2,2,11,7,1,7,Low
49,1313,1757,80,2,4507,8191,3,12,3,8,1,4,5,1,0,4,Low
33,211,1758,74,3,8564,10092,2,20,4,11,2,2,0,0,0,0,high
38,594,1760,75,1,2468,15963,4,14,3,9,4,2,6,1,0,5,Low
31,1079,1761,70,3,8161,19002,2,13,3,10,2,3,1,0,0,0,high
29,590,1762,91,1,2109,10007,1,13,3,1,2,3,1,0,0,0,Low
30,305,1763,58,2,5294,9128,3,16,3,10,3,3,7,0,1,7,Low
32,953,1764,65,1,2718,17674,2,14,3,12,3,3,7,7,0,7,Low
38,833,1766,60,2,5811,24539,3,16,3,15,2,3,1,0,1,0,Low
43,807,1767,38,1,2437,15587,9,16,3,6,4,3,1,0,0,0,high
42,855,1768,57,1,2766,8952,8,22,4,7,6,2,5,3,0,4,Low
55,478,1770,60,5,19038,19805,8,12,3,34,2,3,1,0,0,0,Low
33,775,1771,90,2,3055,6194,5,15,3,11,2,2,9,8,1,7,Low
41,548,1772,94,1,2289,20520,1,20,4,5,2,3,5,3,0,4,Low
34,1375,1774,87,2,4001,12313,1,14,3,15,3,3,15,14,0,7,Low
53,661,1775,60,4,12965,22308,4,20,4,27,2,2,3,2,0,2,Low
43,244,1778,97,1,3539,5033,0,13,3,10,5,3,9,7,1,8,Low
34,511,1779,32,2,6029,25353,5,12,3,6,3,3,2,2,2,2,Low
21,337,1780,31,1,2679,4567,1,13,3,1,3,3,1,0,1,0,high
38,1153,1782,40,1,3702,16376,1,11,3,5,3,3,5,4,0,4,Low
22,1294,1783,79,1,2398,15999,1,17,3,1,6,3,1,0,0,0,high
31,196,1784,91,2,5468,13402,1,14,3,13,3,3,12,7,5,7,Low
51,942,1786,53,3,13116,22984,2,11,3,15,2,3,2,2,2,2,Low
37,589,1787,46,2,4189,8800,1,14,3,5,2,3,5,2,0,3,Low
46,734,1789,46,5,19328,14218,7,17,3,24,3,3,2,1,2,2,Low
36,1383,1790,90,3,8321,25949,7,13,3,15,1,3,12,8,5,7,Low
44,429,1792,99,1,2342,11092,1,12,3,6,2,2,5,3,2,3,high
37,1239,1794,89,2,4071,12832,2,13,3,19,4,2,10,0,4,7,Low
35,303,1797,84,2,5813,13492,1,18,3,10,2,3,10,7,7,7,high
33,867,1798,90,1,3143,6076,6,19,3,14,1,3,10,8,7,6,Low
28,1181,1799,82,1,2044,5531,1,11,3,5,6,4,5,3,0,3,Low
39,1253,1800,65,3,13464,7914,7,21,4,9,3,3,4,3,2,2,Low
46,849,1801,98,2,7991,25166,8,15,3,6,3,3,2,2,2,2,Low
40,616,1802,99,1,3377,25605,4,17,3,7,5,2,4,3,0,2,Low
42,1128,1803,95,2,5538,5696,5,18,3,10,2,2,0,0,0,0,Low
35,1180,1804,90,2,5762,24442,2,14,3,15,6,3,7,7,1,7,Low
38,1336,1805,100,1,2592,7129,5,13,3,13,3,3,11,10,3,8,Low
34,234,1807,93,2,5346,6208,4,17,3,11,3,2,7,1,0,7,high
37,370,1809,58,2,4213,4992,1,15,3,10,4,1,10,3,0,8,high
39,766,1812,83,2,4127,19188,2,18,3,7,6,3,2,1,2,2,Low
43,343,1813,52,1,2438,24978,4,13,3,7,2,2,3,2,1,2,Low
41,447,1814,85,2,6870,15530,3,12,3,11,3,1,3,2,1,2,Low
41,796,1815,81,3,10447,26458,0,13,3,23,3,4,22,14,13,5,Low
30,1092,1816,64,3,9667,2739,9,14,3,9,3,3,7,7,0,2,Low
26,920,1818,69,1,2148,6889,0,11,3,6,3,3,5,1,1,4,high
46,261,1821,66,2,8926,10842,4,22,4,13,2,4,9,7,3,7,high
40,1194,1822,52,2,6513,9060,4,17,3,12,3,3,5,3,0,3,Low
34,810,1823,92,2,6799,22128,1,21,4,10,5,3,10,8,4,8,Low
58,350,1824,52,4,16291,22577,4,22,4,37,0,2,16,9,14,14,Low
35,185,1826,91,1,2705,9696,0,16,3,6,2,4,5,4,0,3,Low
47,1001,1827,92,3,10333,19271,8,12,3,28,4,3,22,11,14,10,Low
40,750,1829,47,2,4448,10748,2,12,3,15,3,3,7,4,7,7,Low
54,431,1830,68,2,6854,15696,4,15,3,14,2,2,7,1,1,7,Low
31,1125,1833,68,3,9637,8277,2,14,3,9,3,3,3,2,2,2,Low
28,1217,1834,67,1,3591,12719,1,25,4,3,3,3,3,2,1,2,Low
38,723,1835,77,2,5405,4244,2,20,4,20,4,2,4,2,0,3,Low
26,572,1836,46,2,4684,9125,1,13,3,5,4,3,5,3,1,2,Low
58,1216,1837,87,4,15787,21624,2,14,3,23,3,3,2,2,2,2,Low
18,1431,1839,33,1,1514,8018,1,16,3,0,4,1,0,0,0,0,Low
31,359,1842,89,1,2956,21495,0,17,3,2,4,3,1,0,0,0,high
29,350,1844,56,1,2335,3157,4,15,3,4,3,3,2,2,2,0,high
45,589,1845,67,2,5154,19665,4,22,4,10,3,4,8,7,5,7,Low
36,430,1847,73,2,6962,19573,4,22,4,15,2,3,1,0,0,0,Low
43,1422,1849,92,2,5675,19246,1,20,4,7,5,3,7,7,7,7,Low
27,1297,1850,53,1,2379,19826,0,14,3,6,3,2,5,4,0,2,Low
29,574,1852,40,1,3812,7003,1,13,3,11,3,4,11,8,3,10,Low
32,1318,1853,79,2,4648,26075,8,13,3,4,2,4,0,0,0,0,Low
42,355,1854,38,1,2936,6161,3,22,4,10,1,2,6,3,3,3,Low
47,207,1856,64,1,2105,5411,4,12,3,7,2,3,2,2,2,0,Low
46,706,1857,82,3,8578,19989,3,14,3,12,4,2,9,8,4,7,Low
28,280,1858,43,1,2706,10494,1,15,3,3,2,3,3,2,2,2,Low
29,726,1859,93,2,6384,21143,8,17,3,11,3,3,7,0,1,6,Low
42,1142,1860,81,1,3968,13624,4,13,3,8,3,3,0,0,0,0,Low
32,414,1862,82,2,9907,26186,7,12,3,7,3,2,2,2,2,2,high
46,1319,1863,45,4,13225,7739,2,12,3,25,5,3,19,17,2,8,Low
27,728,1864,36,2,3540,7018,1,21,4,9,5,3,9,8,5,8,Low
29,352,1865,87,1,2804,15434,1,11,3,1,3,3,1,0,0,0,Low
43,823,1866,81,5,19392,22539,7,13,3,21,2,3,16,12,6,14,Low
48,1224,1867,91,5,19665,13583,4,12,3,29,3,3,22,10,12,9,Low
29,459,1868,73,1,2439,14753,1,24,4,1,3,2,1,0,1,0,high
46,1254,1869,64,3,7314,14011,5,21,4,14,2,3,8,7,0,7,high
27,1131,1870,77,1,4774,23844,0,19,3,8,2,2,7,6,7,3,Low
39,835,1871,41,2,3902,5141,8,14,3,7,2,3,2,2,2,2,Low
55,836,1873,98,1,2662,7975,8,20,4,19,2,4,5,2,0,4,Low
28,1172,1875,78,1,2856,3692,1,19,3,1,3,3,1,0,0,0,Low
30,945,1876,89,1,1081,16019,1,13,3,1,3,2,1,0,0,0,high
22,391,1878,75,1,2472,26092,1,23,4,1,2,3,1,0,0,0,high
36,1266,1880,63,2,5673,6060,1,13,3,10,4,3,10,9,1,7,Low
31,311,1881,89,2,4197,18624,1,11,3,10,2,3,10,8,0,2,Low
34,1480,1882,64,3,9713,24444,2,13,3,9,3,3,5,3,1,0,Low
29,592,1883,59,1,2062,19384,3,14,3,11,2,3,3,2,1,2,Low
37,783,1885,78,2,4284,13588,5,22,4,16,2,3,5,3,0,4,Low
35,219,1886,44,2,4788,25388,0,11,3,4,2,3,3,2,0,2,Low
45,556,1888,93,2,5906,23888,0,13,3,10,2,2,9,8,3,8,Low
36,1213,1890,94,2,3886,4223,1,21,4,10,2,2,10,1,0,8,Low
40,1137,1892,98,4,16823,18991,2,11,3,22,3,3,19,7,11,16,Low
26,482,1893,90,1,2933,14908,1,13,3,1,3,2,1,0,1,0,Low
27,511,1898,89,2,6500,26997,0,14,3,9,5,2,8,7,0,7,Low
48,117,1900,58,4,17174,2437,3,11,3,24,3,3,22,17,4,7,Low
44,170,1903,78,2,5033,9364,2,15,3,10,5,3,2,0,2,2,Low
34,967,1905,85,1,2307,14460,1,23,4,5,2,3,5,2,3,0,high
56,1162,1907,97,1,2587,10261,1,16,3,5,3,3,4,2,1,0,high
36,335,1908,33,2,5507,16822,2,16,3,12,1,1,4,2,1,3,Low
41,337,1909,54,2,4393,26841,5,21,4,14,3,3,5,4,1,4,Low
42,1396,1911,83,3,13348,14842,9,13,3,18,3,4,13,7,5,7,Low
31,1079,1912,86,2,6583,20115,2,11,3,8,2,3,5,2,1,4,Low
34,735,1915,75,2,8103,16495,3,12,3,9,3,2,4,2,0,1,Low
31,471,1916,62,1,3978,16031,8,12,3,4,0,2,2,2,2,2,Low
26,1096,1918,61,1,2544,7102,0,18,3,8,3,3,7,7,7,7,Low
45,1297,1922,44,2,5399,14511,4,12,3,12,3,3,4,2,0,3,Low
33,217,1924,43,2,5487,10410,1,14,3,10,2,2,10,4,0,9,Low
28,783,1927,42,2,6834,19255,1,12,3,7,2,3,7,7,0,7,Low
29,746,1928,45,1,1091,10642,1,17,3,1,3,3,1,0,0,0,high
39,1251,1929,32,2,5736,3987,6,19,3,10,1,3,3,2,1,2,Low
27,1354,1931,41,1,2226,6073,1,11,3,6,3,2,5,3,1,2,Low
34,735,1932,86,2,5747,26496,1,15,3,16,3,3,15,10,6,11,Low
28,1475,1933,84,2,9854,23352,3,11,3,6,0,3,2,0,2,2,high
47,1169,1934,64,2,5467,2125,8,18,3,16,4,4,8,7,1,7,Low
56,1443,1935,89,2,5380,20328,4,16,3,6,3,3,0,0,0,0,Low
39,867,1936,87,2,5151,12315,1,25,4,10,3,3,10,0,7,9,Low
38,1394,1937,58,2,2133,18115,1,16,3,20,3,3,20,11,0,7,Low
58,605,1938,72,4,17875,11761,4,13,3,29,2,2,1,0,0,0,Low
32,238,1939,47,1,2432,15318,3,14,3,8,2,3,4,1,0,3,high
38,1206,1940,71,1,4771,14293,2,19,3,10,0,4,5,2,0,3,Low
49,1064,1941,42,5,19161,13738,3,15,3,28,3,3,5,4,4,3,Low
42,419,1943,77,2,5087,2900,3,12,3,14,4,3,0,0,0,0,Low
27,1337,1944,58,1,2863,19555,1,12,3,1,2,3,1,0,0,0,high
35,682,1945,71,2,5561,15975,0,16,3,6,2,1,5,3,0,4,Low
28,1103,1947,49,1,2144,2122,1,14,3,5,3,2,5,3,1,4,Low
31,976,1948,48,1,3065,3995,1,13,3,4,3,4,4,2,2,3,Low
36,1351,1949,66,1,2810,9238,1,22,4,5,3,3,5,4,0,2,Low
34,937,1950,32,3,9888,6770,1,21,4,14,3,2,14,8,2,1,Low
34,1239,1951,39,3,8628,22914,1,18,3,9,2,2,8,7,1,1,Low
26,157,1952,95,1,2867,20006,0,13,3,8,6,2,7,7,7,6,Low
29,136,1954,89,2,5373,6225,0,12,3,6,5,2,5,3,0,2,Low
32,1146,1955,34,2,6667,16542,5,18,3,9,6,3,5,1,1,2,Low
31,1125,1956,48,2,5003,5771,1,21,4,10,6,3,10,8,8,7,Low
28,1404,1960,32,1,2367,18779,5,12,3,6,2,2,4,1,0,3,high
38,1404,1961,59,1,2858,11473,4,14,3,20,3,2,1,0,0,0,Low
35,1224,1962,55,2,5204,13586,1,11,3,10,2,3,10,8,0,9,Low
27,954,1965,44,2,4105,5099,1,14,3,7,5,3,7,7,0,7,Low
32,1373,1966,56,2,9679,10138,8,24,4,8,1,3,1,0,0,0,Low
31,754,1967,63,2,5617,21075,1,11,3,10,4,3,10,7,0,8,high
53,1168,1968,66,3,10448,5843,6,13,3,15,2,2,2,2,2,2,high
54,155,1969,67,2,2897,22474,3,11,3,9,6,2,4,3,2,3,Low
33,1303,1970,36,2,5968,18079,1,20,4,9,2,3,9,7,2,8,Low
43,574,1971,30,3,7510,16873,1,17,3,10,1,3,10,9,0,9,Low
38,1444,1972,88,1,2991,5224,0,11,3,7,2,3,6,2,1,2,Low
55,189,1973,71,5,19636,25811,4,18,3,35,0,3,10,9,1,4,Low
31,1276,1974,59,1,1129,17536,1,11,3,1,4,3,1,0,0,0,Low
39,119,1975,77,4,13341,25098,0,12,3,21,3,3,20,8,11,10,Low
42,335,1976,37,2,4332,14811,1,12,3,20,2,3,20,9,3,7,Low
31,697,1979,40,3,11031,26862,4,20,4,13,2,4,11,7,4,8,Low
54,157,1980,77,2,4440,25198,6,19,3,9,3,3,5,2,1,4,Low
24,771,1981,45,2,4617,14120,1,12,3,4,2,2,4,3,1,2,Low
23,571,1982,78,1,2647,13672,1,13,3,5,6,4,5,2,1,4,Low
40,692,1985,73,2,6323,26849,1,11,3,10,2,4,10,9,9,4,Low
40,444,1986,92,2,5677,4258,3,14,3,15,4,3,11,8,5,10,Low
25,309,1987,82,1,2187,19655,4,14,3,6,3,3,2,0,1,2,Low
30,911,1989,76,1,3748,4077,1,13,3,12,6,2,12,8,1,7,Low
25,977,1992,57,1,3977,7298,6,19,3,7,2,2,2,2,0,2,Low
47,1180,1993,84,3,8633,13084,2,23,4,25,3,3,17,14,12,11,Low
33,1313,1994,59,1,2008,20439,1,12,3,1,2,2,1,1,0,0,Low
38,1321,1995,86,2,4440,7636,0,15,3,16,3,3,15,13,5,8,Low
31,1154,1996,54,1,3067,6393,0,19,3,3,1,3,2,2,1,2,Low
38,508,1997,72,2,5321,14284,2,11,3,10,1,3,8,3,7,7,Low
42,557,1998,35,2,5410,11189,6,17,3,9,3,2,4,3,1,2,Low
41,642,1999,76,1,2782,21412,3,22,4,12,3,3,5,3,1,0,Low
47,1162,2000,98,3,11957,17231,0,18,3,14,3,1,13,8,5,12,Low
35,1490,2003,43,1,2660,20232,7,11,3,5,3,3,2,2,2,2,Low
22,581,2007,63,1,3375,17624,0,12,3,4,2,4,3,2,1,2,Low
35,1395,2008,48,2,5098,18698,1,19,3,10,5,3,10,7,0,8,Low
33,501,2009,95,2,4878,21653,0,13,3,10,6,3,9,7,8,1,Low
32,267,2010,49,1,2837,15919,1,13,3,6,3,3,6,2,4,1,Low
40,543,2012,83,1,2406,4060,8,19,3,8,3,2,1,0,0,0,Low
32,234,2013,68,1,2269,18024,0,14,3,3,2,3,2,2,2,2,Low
39,116,2014,52,2,4108,5340,7,13,3,18,2,3,7,7,1,7,Low
38,201,2015,99,3,13206,3376,3,12,3,20,3,3,18,16,1,11,Low
32,801,2016,48,3,10422,24032,1,19,3,14,3,3,14,10,5,7,Low
37,161,2017,42,3,13744,15471,1,25,4,16,2,3,16,11,6,8,Low
25,1382,2018,85,2,4907,13684,0,22,4,6,3,2,5,3,0,4,Low
52,585,2019,40,1,3482,19788,2,15,3,16,3,2,9,8,0,0,Low
44,1037,2020,42,1,2436,13422,6,12,3,6,2,3,4,3,1,2,Low
21,501,2021,58,1,2380,25479,1,11,3,2,6,3,2,2,1,2,Low
39,105,2022,87,5,19431,15302,2,13,3,21,3,2,6,0,1,3,Low
23,638,2023,33,1,1790,26956,1,19,3,1,3,2,1,0,1,0,high
36,557,2024,94,3,7644,12695,0,19,3,10,2,3,9,7,3,4,Low
36,688,2025,97,2,5131,9192,7,13,3,18,3,3,4,2,0,2,Low
56,667,2026,57,2,6306,26236,1,21,4,13,2,2,13,12,1,9,Low
29,1092,2027,36,1,4787,26124,9,14,3,4,3,4,2,2,2,2,high
42,300,2031,56,5,18880,17312,5,11,3,24,2,2,22,6,4,14,Low
56,310,2032,72,1,2339,3666,8,11,3,14,4,1,10,9,9,8,high
41,582,2034,60,4,13570,5640,0,23,4,21,3,3,20,7,0,10,Low
34,704,2035,95,2,6712,8978,1,21,4,8,2,3,8,7,1,7,Low
36,301,2036,88,2,5406,10436,1,24,4,15,4,2,15,12,11,11,Low
41,930,2037,57,2,8938,12227,2,11,3,14,5,3,5,4,0,4,Low
32,529,2038,78,1,2439,11288,1,14,3,4,4,3,4,2,1,2,Low
35,1146,2040,31,3,8837,16642,1,16,3,9,2,3,9,0,1,7,Low
38,345,2041,100,2,5343,5982,1,11,3,10,1,3,10,7,1,9,Low
50,878,2044,94,2,6728,14255,7,12,3,12,3,3,6,3,0,1,high
36,1120,2045,100,2,6652,14369,4,13,3,8,2,2,6,3,0,0,Low
45,374,2046,50,2,4850,23333,8,15,3,8,3,3,5,3,0,1,Low
40,1322,2048,52,1,2809,2725,2,14,3,8,2,3,2,2,2,2,Low
35,1199,2049,80,2,5689,24594,1,14,3,10,2,4,10,2,0,2,Low
40,1194,2051,98,1,2001,12549,2,14,3,20,2,3,5,3,0,2,Low
35,287,2052,62,1,2977,8952,1,12,3,4,5,3,4,3,1,1,Low
29,1378,2053,46,2,4025,23679,4,13,3,10,2,3,4,3,0,3,Low
29,468,2054,73,1,3785,8489,1,14,3,5,3,1,5,4,0,4,Low
50,410,2055,39,3,10854,16586,4,13,3,20,3,3,3,2,2,0,high
39,722,2056,60,4,12031,8828,0,11,3,21,2,2,20,9,9,6,Low
31,325,2057,74,2,9936,3787,0,19,3,10,2,3,9,4,1,7,Low
26,1167,2060,30,1,2966,21378,0,18,3,5,2,3,4,2,0,0,Low
36,884,2061,41,2,2571,12290,4,17,3,17,3,3,5,2,0,3,Low
39,613,2062,42,3,9991,21457,4,15,3,9,5,3,7,7,1,7,Low
27,155,2064,87,2,6142,5174,1,20,4,6,0,3,6,2,0,3,Low
49,1023,2065,63,2,5390,13243,2,14,3,17,3,2,9,6,0,8,Low
34,628,2068,82,2,4404,10228,2,12,3,6,3,4,4,3,1,2,Low
